building,split,method,no_battery_peak,post_dispatch_peak,absolute_peak_reduction,peak_reduction_percentage,mean_daily_peak,worst_10pct_daily_peak,mean_regret_vs_oracle,p90_regret,max_regret,oracle_capture_ratio,battery_throughput,equivalent_full_cycles
Hog_office_Rolando,test,Oracle,483.0,441.44933920704847,41.55066079295153,8.602621282184582,420.17178387713477,441.0067768638,0.0,0.0,0.0,1.0,9570.003439204675,6.186270084456941
Hog_office_Rolando,test,Persistence,483.0,466.84210526315786,16.157894736842138,3.3453198212923683,434.6031783646792,461.3411713939768,14.431394487544319,27.061024156570305,34.127753303964596,0.0903837222867374,10075.480028811317,6.513021764802917
Hog_office_Rolando,test,Day,483.0,466.84210526315786,16.157894736842138,3.3453198212923683,434.6031783646792,461.3411713939768,14.431394487544319,27.061024156570305,34.127753303964596,0.0903837222867374,10075.480028811317,6.513021764802917
Hog_office_Rolando,test,Week,483.0,455.7577092511012,27.242290748898824,5.6402258279293624,432.2576108691808,452.6653346848075,12.08582699204589,19.03586586084377,35.24367748279258,0.11942416180164644,11409.11669039293,7.375115141831315
Hog_office_Rolando,test,DayWeek,483.0,454.91008771929813,28.089912280701867,5.815716828302664,431.60041443900246,452.64357997852863,11.428630561867672,18.421994551356327,32.172432697014244,0.204042779795491,10560.169525554553,6.826336190759098
Hog_office_Rolando,test,LightGBM,483.0,453.80183920814187,29.19816079185813,6.045167865809136,431.2991558056665,453.0816582496503,11.127371928531794,17.071824054570207,28.59011896170307,0.18091394313343964,8762.38098313647,5.664204374528037
Hog_office_Rolando,test,XGBoost,483.0,452.5104566397645,30.489543360235473,6.31253485719161,431.24087289262604,452.1857783119637,11.069089015491304,15.661769056540473,28.246259154974723,0.1560048769876686,9098.798672346504,5.8816724976967745
Hog_office_Rolando,test,CatBoost,483.0,456.16538086501487,26.834619134985132,5.555821767077667,431.6295882143274,453.9681084483904,11.457804337192526,16.26524539354879,27.75915183524569,0.17690636237724336,8789.68346096238,5.681853323442104
Hog_office_Rolando,test,Phase8_DOEF,483.0,452.13083909716016,30.869160902839837,6.391130621705971,430.57206096745296,451.9246461149965,10.400277090318191,14.692543944282566,29.664401953964102,0.24246395238008744,9111.666819909591,5.889990763914513
Hog_office_Rolando,test,PeakAwareLightGBM,483.0,453.80183920814187,29.19816079185813,6.045167865809136,431.2991558056665,453.0816582496503,11.127371928531794,17.071824054570207,28.59011896170307,0.18091394313343964,8762.38098313647,5.664204374528037
Hog_office_Lavon,test,Oracle,19.192,15.01853913043478,4.17346086956522,21.745836127371927,12.057748657819523,14.896656861956977,0.0,0.0,0.0,1.0,1062.366638971052,0.7047914794526234
Hog_office_Lavon,test,Persistence,19.192,20.30439647577093,-1.1123964757709288,-5.796146705767657,15.813140398232502,19.626090827879068,3.7553917404129797,5.936989087985782,8.376498245682434,-0.1687672321081427,1059.0996478206093,0.7026241038575942
Hog_office_Lavon,test,Day,19.192,20.30439647577093,-1.1123964757709288,-5.796146705767657,15.813140398232502,19.626090827879068,3.7553917404129797,5.936989087985782,8.376498245682434,-0.1687672321081427,1059.0996478206093,0.7026241038575942
Hog_office_Lavon,test,Week,19.192,19.980952789699572,-0.7889527896995716,-4.110841963836868,15.988583998318967,19.72515656597071,3.930835340499443,5.607145635319015,10.182714569031274,-0.24264363578964435,1056.9980970034458,0.7012299005239808
Hog_office_Lavon,test,DayWeek,19.192,18.90800652173914,0.28399347826086085,1.4797492614675951,15.65111823437829,18.568389119559985,3.5933695765587657,6.163925364511197,7.482843961352653,-0.12636612378092166,923.1554462949765,0.6124364874532854
Hog_office_Lavon,test,LightGBM,19.192,27.097590099287032,-7.905590099287032,-41.192111813709005,17.622390689980172,23.803711741403415,5.564642032160647,8.391884029795499,12.869603257181765,-0.7475760055449054,1901.9490667978741,1.2617842536267174
Hog_office_Lavon,test,XGBoost,19.192,27.704976028577413,-8.512976028577413,-44.35689885669765,19.276008435516662,24.83923585537606,7.218259777697136,12.057181220599555,13.476989186472146,-1.3124059933759016,2991.2915001857573,1.9844719182182726
Hog_office_Lavon,test,CatBoost,19.192,66.39344052834815,-47.20144052834815,-245.94331246534048,27.470277534319496,62.31994671799734,15.412528876499977,45.1619239647501,52.01869380345732,-4.092098715306614,6202.382635756854,4.114762525129951
Hog_office_Lavon,test,Phase8_DOEF,19.192,18.90800652173914,0.28399347826086085,1.4797492614675951,15.65111823437829,18.568389119559985,3.5933695765587657,6.163925364511197,7.482843961352653,-0.12636612378092166,923.1554462949765,0.6124364874532854
Hog_office_Lavon,test,PeakAwareLightGBM,19.192,27.097590099287032,-7.905590099287032,-41.192111813709005,17.622390689980172,23.803711741403415,5.564642032160647,8.391884029795499,12.869603257181765,-0.7475760055449054,1901.9490667978741,1.2617842536267174
Hog_office_Joey,test,Oracle,1509.981,1338.730369565217,171.25063043478303,11.341244057692316,1249.3719076026066,1337.4041127448388,0.0,0.0,0.0,1.0,50268.75271416717,8.332220665389357
Hog_office_Joey,test,Persistence,1509.981,1684.6688156321675,-174.68781563216749,-11.568875080690914,1353.9330448046846,1596.8312519458923,104.56113720207792,245.5094409264566,368.6618093473626,0.06937955858544347,52122.628109186946,8.639506962411147
Hog_office_Joey,test,Day,1509.981,1684.6688156321675,-174.68781563216749,-11.568875080690914,1353.9330448046846,1596.8312519458923,104.56113720207792,245.5094409264566,368.6618093473626,0.06937955858544347,52122.628109186946,8.639506962411147
Hog_office_Joey,test,Week,1509.981,1668.6728156321676,-158.69181563216762,-10.509524002763452,1348.473454353323,1579.9359874226166,99.10154675071621,197.12450509193008,343.94952177251844,0.06460750877165905,56659.70306905483,9.391542923119939
Hog_office_Joey,test,DayWeek,1509.981,1511.959291605847,-1.9782916058470619,-0.13101433765372292,1333.2124182135651,1503.717461938136,83.84051061095774,166.4972604157916,195.95228532104215,0.2420254527558246,51902.09139464302,8.602952234649182
Hog_office_Joey,test,LightGBM,1509.981,1518.8915827260519,-8.91058272605187,-0.5901122415481964,1334.8763451896439,1498.1988451117313,85.5044375870371,161.70405824035137,197.62818625028103,0.22738571212033715,51666.9126459528,8.56397053878259
Hog_office_Joey,test,XGBoost,1509.981,1528.625261742676,-18.644261742676008,-1.2347348571058847,1340.1482295784263,1515.9292434404495,90.77632197581929,184.8897682504027,212.6182554578711,0.1705360190507176,52455.439501721776,8.694671608693977
Hog_office_Joey,test,CatBoost,1509.981,1504.8690217728508,5.111978227149166,0.3385458642955882,1330.5201745781899,1493.362852320139,81.14826697558273,166.20502910125765,184.0728825991937,0.2589334578685608,52247.96568070744,8.660282100985023
Hog_office_Joey,test,Phase8_DOEF,1509.981,1525.3382390611764,-15.357239061176415,-1.0170484967146218,1329.8076170362988,1497.4220494569756,80.4357094336918,138.01626644035002,209.3312327763715,0.2842006290248963,51114.34155733375,8.472379958251008
Hog_office_Joey,test,PeakAwareLightGBM,1509.981,1518.8915827260519,-8.91058272605187,-0.5901122415481964,1334.8763451896439,1498.1988451117313,85.5044375870371,161.70405824035137,197.62818625028103,0.22738571212033715,51666.9126459528,8.56397053878259
Lamb_office_Caitlin,test,Oracle,166.95,154.05341886432925,12.896581135670743,7.724816493363729,89.32274136264799,147.45341886432925,0.0,0.0,0.0,1.0,1636.279065606598,15.024903678712207
Lamb_office_Caitlin,test,Persistence,166.95,163.67934782608697,3.270652173913021,1.9590609008164248,96.68482546801374,157.17758889680542,7.362084105365767,13.289522141046394,13.568323046777955,-1.0066559841267448,1676.3513188197376,15.392861539551294
Lamb_office_Caitlin,test,Day,166.95,163.67934782608697,3.270652173913021,1.9590609008164248,96.68482546801374,157.17758889680542,7.362084105365767,13.289522141046394,13.568323046777955,-1.0066559841267448,1676.3513188197376,15.392861539551294
Lamb_office_Caitlin,test,Week,166.95,155.7164553998058,11.233544600194193,6.728687990532611,94.350579325841,151.35662475471167,5.027837963193002,8.181923022103652,12.89658113567073,0.10672925768620203,1705.900625794156,15.664193918236192
Lamb_office_Caitlin,test,DayWeek,166.95,157.7648732398835,9.185126760116475,5.501723126754403,95.21907539707523,152.66443070140426,5.896334034427241,13.282408080342755,16.397470024559503,-0.9709731470243235,2007.3353654257062,18.432076257855776
Lamb_office_Caitlin,test,LightGBM,166.95,160.1566791087682,6.793320891231787,4.069075107057075,94.80246848788674,154.6962623098406,5.479727125238769,7.793997274583898,10.839557802796975,-0.52381076088881,2081.4446704627994,19.11257458682865
Lamb_office_Caitlin,test,XGBoost,166.95,162.1681437623597,4.781856237640284,2.86424452688846,95.55018286458845,155.05686303402481,6.227441501940477,11.124846068967729,12.721691267829323,-0.9850710809993881,2339.3774193855666,21.48100598072011
Lamb_office_Caitlin,test,CatBoost,166.95,160.1285898382633,6.821410161736679,4.08590006692823,95.08899314772049,154.43071520337136,5.766251785072487,8.290361545147192,12.89658113567073,-0.8670861712995205,2199.884585065978,20.20013253830069
Lamb_office_Caitlin,test,Phase8_DOEF,166.95,158.82427957087856,8.12572042912143,4.8671580887220305,94.55900325070257,153.0058385169592,5.236261888054604,8.44124286306848,12.921691267829322,-0.7506709728798726,2042.6079168428519,18.75596152821372
Lamb_office_Caitlin,test,PeakAwareLightGBM,166.95,160.1566791087682,6.793320891231787,4.069075107057075,94.80246848788674,154.6962623098406,5.479727125238769,7.793997274583898,10.839557802796975,-0.52381076088881,2081.4446704627994,19.11257458682865
Robin_office_Addie,test,Oracle,27.6,21.359568165553195,6.240431834446806,22.610260269734802,14.97844789544619,20.52707934972784,0.0,0.0,0.0,1.0,1300.3196883757946,12.26254495634107
Robin_office_Addie,test,Persistence,27.6,29.96513062093554,-2.3651306209355383,-8.569313843969342,19.49574620923631,27.521450168599916,4.517298313790118,6.903754497864063,12.939817355670911,-1.4501949165175751,1376.915671760774,12.98487631695184
Robin_office_Addie,test,Day,27.6,29.96513062093554,-2.3651306209355383,-8.569313843969342,19.49574620923631,27.521450168599916,4.517298313790118,6.903754497864063,12.939817355670911,-1.4501949165175751,1376.915671760774,12.98487631695184
Robin_office_Addie,test,Week,27.6,26.09691629955947,1.5030837004405306,5.445955436378734,19.518007723474604,25.99634207122577,4.539559828028416,7.229590731005816,8.581500941619586,-2.9769433931718754,1626.6839634139712,15.340293167473822
Robin_office_Addie,test,DayWeek,27.6,25.673052647077917,1.9269473529220846,6.981693307688712,18.731444745763067,24.987650348227344,3.7529968503168774,6.835818977492818,7.4123074279707915,-1.9397873940047625,1495.1934231366672,14.100283748330106
Robin_office_Addie,test,LightGBM,27.6,24.49850618893199,3.1014938110680106,11.23729641691308,17.50994236621859,23.861348147275134,2.5314944707724,4.488436644414505,5.78450703001397,-0.7486968428021008,1144.870776440374,10.796598321784309
Robin_office_Addie,test,XGBoost,27.6,24.123550248372425,3.4764497516275767,12.595832433433248,17.262281974189623,23.173194566716305,2.2838340787434337,3.555786395971041,4.864306277234519,-0.37865459023521225,1057.5803404157373,9.973413911381561
Robin_office_Addie,test,CatBoost,27.6,23.946673158449663,3.6533268415503386,13.236691454892531,17.498294696632126,23.434056724625787,2.5198468011859365,4.282227268582674,5.308461379760825,-0.5985486324655702,1097.4903339560647,10.349781426516888
Robin_office_Addie,test,Phase8_DOEF,27.6,24.49850618893199,3.1014938110680106,11.23729641691308,17.50994236621859,23.861348147275134,2.5314944707724,4.488436644414505,5.78450703001397,-0.7486968428021008,1144.870776440374,10.796598321784309
Robin_office_Addie,test,PeakAwareLightGBM,27.6,24.49850618893199,3.1014938110680106,11.23729641691308,17.50994236621859,23.861348147275134,2.5314944707724,4.488436644414505,5.78450703001397,-0.7486968428021008,1144.870776440374,10.796598321784309
Lamb_office_Gerardo,test,Oracle,53.61,48.48313943280063,5.1268605671993726,9.563254182427482,23.20587588148349,46.9998060994673,0.0,0.0,0.0,1.0,546.4660862728532,12.622361836386167
Lamb_office_Gerardo,test,Persistence,53.61,52.19,1.4200000000000017,2.6487595597836258,25.83947210088309,50.569409309458614,2.633596219399607,5.306453487553355,6.33142197070809,-0.25609013677645487,567.5340993165049,13.108994201121602
Lamb_office_Gerardo,test,Day,53.61,52.19,1.4200000000000017,2.6487595597836258,25.83947210088309,50.569409309458614,2.633596219399607,5.306453487553355,6.33142197070809,-0.25609013677645487,567.5340993165049,13.108994201121602
Lamb_office_Gerardo,test,Week,53.61,52.19,1.4200000000000017,2.6487595597836258,26.03320510673904,50.36771314426687,2.827329225255551,6.100048247492395,8.119999999999997,-0.2082666528961032,506.66476735971696,11.703024549943548
Lamb_office_Gerardo,test,DayWeek,53.61,52.19,1.4200000000000017,2.6487595597836258,26.33635783341203,50.41356122686275,3.130481951928546,5.630684918654199,7.379999999999988,-0.6222282429371959,651.1763879383852,15.040977279906244
Lamb_office_Gerardo,test,LightGBM,53.61,52.19,1.4200000000000017,2.6487595597836258,25.437111528756326,49.80104647760021,2.2312356472728343,4.524903111367715,7.131227128008561,-0.055435154091059397,610.5964888185725,14.103656222221113
Lamb_office_Gerardo,test,XGBoost,53.61,52.19,1.4200000000000017,2.6487595597836258,25.25474263852958,49.71313467606279,2.0488667570460977,4.426037779678343,5.94346849671479,-0.07920262661948566,728.1319050568978,16.818508231554485
Lamb_office_Gerardo,test,CatBoost,53.61,52.19,1.4200000000000017,2.6487595597836258,25.254054679519975,49.33612115495858,2.0481787980364907,3.9004262800647678,5.94346849671479,-0.20037699267412526,784.7200949661185,18.125591372929307
Lamb_office_Gerardo,test,Phase8_DOEF,53.61,52.19,1.4200000000000017,2.6487595597836258,25.437111528756326,49.80104647760021,2.2312356472728343,4.524903111367715,7.131227128008561,-0.055435154091059397,610.5964888185725,14.103656222221113
Lamb_office_Gerardo,test,PeakAwareLightGBM,53.61,52.19,1.4200000000000017,2.6487595597836258,25.437111528756326,49.80104647760021,2.2312356472728343,4.524903111367715,7.131227128008561,-0.055435154091059397,610.5964888185725,14.103656222221113
Hog_office_Alexis,test,Oracle,40.164,33.16512084057908,6.998879159420923,17.425752314064642,23.19053591609092,32.60983512629337,0.0,0.0,0.0,1.0,1565.0062049708522,15.957650900781395
Hog_office_Alexis,test,Persistence,40.164,40.44062337662338,-0.27662337662337677,-0.6887346295771755,27.302001433157006,38.551230756383504,4.111465517066093,8.817310838570673,12.494653823671129,-1.2432860553619849,1623.8291046413137,16.557441045338937
Hog_office_Alexis,test,Day,40.164,40.44062337662338,-0.27662337662337677,-0.6887346295771755,27.302001433157006,38.551230756383504,4.111465517066093,8.817310838570673,12.494653823671129,-1.2432860553619849,1623.8291046413137,16.557441045338937
Hog_office_Alexis,test,Week,40.164,38.518,1.6460000000000008,4.0981973906981395,26.908770096979758,37.04864754860286,3.718234180888843,8.802119762336721,12.23789682534062,-1.6570805479725055,1708.814827454982,17.424001504909985
Hog_office_Alexis,test,DayWeek,40.164,37.89647798343622,2.267522016563781,5.645657844248036,26.186381509390557,36.52754013101811,2.9958455932996433,6.384266112566979,10.741227396504328,-0.6875055264131974,1765.4154696950768,18.001132309093787
Hog_office_Alexis,test,LightGBM,40.164,35.27688580281207,4.887114197187934,12.167897114799159,25.66416283652036,35.13191201681087,2.4736269204294503,4.658393154300694,8.39313367838924,-0.22194658555729285,1690.787841569035,17.240188593084117
Hog_office_Alexis,test,XGBoost,40.164,34.985611789037634,5.178388210962368,12.89310878140217,25.653083059353442,34.62939368103706,2.4625471432625283,5.046466731522584,9.093047996428414,-0.24926017480013252,1606.5444851977172,16.381197703837984
Hog_office_Alexis,test,CatBoost,40.164,35.47109660770924,4.692903392290759,11.68435263492371,25.594557555209466,34.99017074619284,2.40402163911855,4.649019687938429,7.32940860798638,-0.1827513646447377,1677.221065081749,17.101854392014864
Hog_office_Alexis,test,Phase8_DOEF,40.164,35.378314462452735,4.785685537547266,11.915360864324436,25.526491266585698,34.92008178076891,2.3359553504947903,4.179011410973429,8.491967146812769,-0.158198328857565,1633.933424491339,16.660470163207215
Hog_office_Alexis,test,PeakAwareLightGBM,40.164,35.27688580281207,4.887114197187934,12.167897114799159,25.66416283652036,35.13191201681087,2.4736269204294503,4.658393154300694,8.39313367838924,-0.22194658555729285,1690.787841569035,17.240188593084117
Hog_office_Byron,test,Oracle,1299.828,1077.9169760470024,221.91102395299754,17.07233756720101,942.4179608256364,1067.1737608875321,0.0,0.0,0.0,1.0,64573.45465484566,13.374608370192224
Hog_office_Byron,test,Persistence,1299.828,1252.4842070484578,47.34379295154213,3.642312132954678,1015.9961605242139,1214.8150587822345,73.57819969857749,184.97276183930344,215.16135358210317,-0.1287274030497604,67581.49135718077,13.997640126382725
Hog_office_Byron,test,Day,1299.828,1252.4842070484578,47.34379295154213,3.642312132954678,1015.9961605242139,1214.8150587822345,73.57819969857749,184.97276183930344,215.16135358210317,-0.1287274030497604,67581.49135718077,13.997640126382725
Hog_office_Byron,test,Week,1299.828,1108.2041950847238,191.6238049152762,14.742243197967438,985.0744145641203,1104.3004404574237,42.65645373848381,78.73622129032209,174.06269067631422,0.5305899310321629,69680.2552940238,14.432341132652205
Hog_office_Byron,test,DayWeek,1299.828,1152.7797916666666,147.04820833333338,11.312897424377178,989.5411648648777,1124.8758990100453,47.12320403924129,86.6843838348358,115.45693820031192,0.32640984659061184,71523.50832952159,14.814120109922714
Hog_office_Byron,test,LightGBM,1299.828,1121.992193029682,177.8358069703179,13.681487625310265,977.9091706882898,1113.479089435042,35.49120986265348,56.57478399620435,144.13889713874505,0.5705478242942726,66390.43150262015,13.750944960616017
Hog_office_Byron,test,XGBoost,1299.828,1145.1507651749719,154.6772348250281,11.899823270850305,978.3151198851776,1119.5083855513187,35.897159059541245,70.30085111383362,116.7730743393688,0.557833254724367,66857.36285567639,13.847656899233373
Hog_office_Byron,test,CatBoost,1299.828,1136.9086948537526,162.91930514624732,12.533912575067419,980.4142386465411,1116.0155236229805,37.99627782090473,68.79507110777696,149.8810620279594,0.5520650790959782,66555.42096954482,13.78511797361524
Hog_office_Byron,test,Phase8_DOEF,1299.828,1117.6408967299199,182.18710327008012,14.016247016534505,976.1204420578802,1110.6537650110033,33.70248123224396,51.582456572248994,127.82326882652683,0.583732295401235,67202.09146531973,13.919057913359474
Hog_office_Byron,test,PeakAwareLightGBM,1299.828,1109.474222505633,190.35377749436702,14.644535853541162,978.4860494520245,1099.7835225909387,36.06808862638807,52.453630318404635,132.79468186199097,0.541576478293567,67828.28728670461,14.048757089574254
