"category_id","deliverable","status","current_evidence","evidence_paths","relevant_commit","reusable_content","missing_content","risk","recommendation","dependencies"
"1","Project positioning","REWORK","Repository title and undergraduate competition positioning exist, but the README opening still describes only single-building forecasting and peak shaving and therefore understates the frozen multi-building DOEF result.","README.md;outputs/phase9_1/final_reporting_summary.json","549abc314e93e2862bfc22965db89622c22890e1","Project name, application domain, 24-hour forecasting, storage peak-shaving scope","Competition-specific problem statement, audience, value proposition, concise final abstract","HIGH: stale opening can conflict with final narrative","Rewrite positioning only after official track and judging criteria are verified","Phase 11 official rules; Phase 12 innovation freeze"
"2","Innovation claims and evidence; algorithm innovation versus engineering design boundary","REWORK","Phase 8/9.1 explicitly state that base forecasters and weighted averaging are not novel; supported contribution is decision-oriented validation/model selection and forecast-to-storage closed-loop evaluation.","reports/phase8_report.md;reports/phase9_1_final_audit.md;outputs/phase9_1/final_reporting_summary.json","549abc314e93e2862bfc22965db89622c22890e1","Bounded contribution statement, objective mismatch evidence, 6/8 differing weights","Competition-aligned novelty hierarchy and necessary literature/comparable-system evidence","HIGH: overclaim risk; no literature comparison inventory","Freeze evidence-bounded innovation claims and engineering contribution separately","Phase 11 rules; targeted literature/comparable evidence in Phase 12"
"3","Final algorithm method, splits, selection and Test isolation","RISK","DOEF v1.0 formula, components, per-building Validation decision-regret weights, fixed splits and held-out Test role are explicit; however, the designated fail-closed loader rejects this clean baseline checkout because committed Phase 7 text/manifest bytes do not match hashes captured before commit.","src/final_algorithm.py;outputs/phase9/final_algorithm.json;outputs/phase9_1/final_reporting_summary.json;outputs/phase8/run_config.json;tests/test_phase9.py;tests/test_phase9_1.py","549abc314e93e2862bfc22965db89622c22890e1","Canonical algorithm metadata, formula, split semantics, selection protocol and numerical evidence","Cross-checkout-stable manifest/loader integrity plus competition-facing explanation/diagram packaging","HIGH: current Windows checkout cannot pass the canonical loader although Git reports no frozen-file diff","Do not alter frozen assets in Phase 10; preserve the finding and require a separately authorized lineage repair before final reproducibility acceptance","Frozen Phase 7/8/9/9.1 artifacts; Phase 15 reproducibility gate"
"4","Data and no-leakage evidence","READY","BDG2 source/units, causal features, target-availability purge, Train-only building morphology, Validation-only selection, and Test non-selection are documented and audited.","docs/DATASET.md;outputs/phase7/leakage_audit.json;outputs/phase8/leakage_audit.txt;outputs/phase9/leakage_audit.json;outputs/phase9_1/methodology_audit.json","549abc314e93e2862bfc22965db89622c22890e1","Dataset attribution, fixed windows, purge and leakage checks","Submission-format citation and concise data-flow visual","MEDIUM: raw data are external/ignored and license obligations need submission review","Package citations, hashes and download/reproduction steps without redistributing unapproved data","Phase 11 rules; Phase 13 report/visuals; Phase 15 package"
"5","Forecast, decision, baselines, multi-model, multi-building, bootstrap, constraints and sensitivity results","READY","Canonical final benchmark covers baselines and models across eight buildings; Phase 9.1 corrects formal bootstrap aggregation; constraints and prior sensitivity studies exist.","outputs/phase9/final_benchmark.csv;outputs/phase9/aggregate_metrics.csv;outputs/phase9_1/building_level_bootstrap_summary.json;outputs/phase9/constraint_summary.json;outputs/phase5_5;outputs/phase5_7","549abc314e93e2862bfc22965db89622c22890e1","Machine-readable metrics, 6/2/0 result, building bootstrap, sensitivity and constraint evidence","Curated competition table with explicit primary/secondary metrics and limitations","MEDIUM: Phase 9 legacy building-day CI remains in historical files","Use Phase 9.1 building-level bootstrap as formal CI; label Phase 9 building-day bootstrap secondary","Phase 12 claim freeze; Phase 13 report/visuals"
"6","Forecast error to peak to battery dispatch to peak-shaving decision value chain","REWORK","Code, battery methodology and Phase 8/9.1 reports establish the chain and distinguish forecast accuracy, decision regret and whole-window peak reduction.","reports/battery_methodology.md;reports/phase8_report.md;reports/phase9_1_final_audit.md;src/battery/optimizer.py;outputs/phase8/figures/06_representative_dispatch.png","549abc314e93e2862bfc22965db89622c22890e1","Definitions, optimizer constraints, representative dispatch, objective mismatch evidence","One unified scientific flow figure and competition-readable narrative","HIGH: easy to conflate lowest MAE, lowest regret and peak reduction","Create one source-traceable value-chain diagram; retain metric boundaries","Phase 12 claims; Phase 13 visuals/report"
"7","System prototype and demonstration flow","MISSING","README explicitly says no Web API or frontend; repository contains no demo/web/app implementation.","README.md","549abc314e93e2862bfc22965db89622c22890e1","Offline scripts can support a controlled walkthrough","Minimum demonstrator scope, UI/API or scripted demo, screenshots, fault-safe demo plan","HIGH if prototype/demo is scored; requirement unknown","Decide necessity and minimum scope only after official rules; do not imply deployed real-time control","Phase 11 rules; Phase 14 integrated presentation/demo"
"8","Architecture, workflow, scientific figures, result figures and screenshots","REWORK","Twenty Phase 7-9 result PNGs and earlier data/sensitivity figures exist and are traceable to canonical manifests, but labels use internal method names and there is no unified architecture/value-chain visual or prototype screenshot.","outputs/phase7/figures;outputs/phase8/figures;outputs/phase9/figures;reports/figures","549abc314e93e2862bfc22965db89622c22890e1","Morphology, model comparison, weight selection, dispatch, decision and efficiency plots","Unified visual system, architecture/process figure, corrected display names/captions, source ledger, screenshots if prototype required","HIGH: existing figures are analysis-grade, not submission-ready","Curate and redraw only in the visual/report stage from canonical data","Phase 12 claims; Phase 13 visual narrative"
"9","Unified technical report","MISSING","Multiple phase reports exist but no single competition technical report document is present.","reports/phase7_report.md;reports/phase8_report.md;reports/phase9_report.md;reports/phase9_1_final_audit.md","549abc314e93e2862bfc22965db89622c22890e1","Method, audits, results, limitations and citations can be consolidated","Official structure/length/template, coherent abstract-to-conclusion narrative, final figures and references","BLOCKER for final delivery; format unknown","Author one source-controlled report after rules and claims are frozen","Phase 11 rules; Phase 12 claims; Phase 13 visuals/report"
"10","Competition-grade PPT","MISSING","No PPT/PPTX/slide source exists.","reports/phase9_1_final_audit.md;outputs/phase9_1/final_reporting_summary.json","549abc314e93e2862bfc22965db89622c22890e1","Audited story and key numbers can seed slides","Official page/time constraints, slide deck, speaker-safe citations and visual consistency","BLOCKER for presentation delivery; constraints unknown","Build only after report/visual narrative and official rules are fixed","Phase 11 rules; Phase 13 report/visuals; Phase 14 integrated presentation"
"11","Defense script, per-slide notes, Q&A and challenge responses","MISSING","No defense or Q&A artifact exists.","reports/phase9_1_final_audit.md","549abc314e93e2862bfc22965db89622c22890e1","Limitations and claim boundaries provide attack/defense seeds","Timed script, per-slide notes, metric/novelty/leakage/deployment Q&A, rehearsal checklist","HIGH: unsupported claims or metric confusion under questioning","Create together with the frozen deck and validate every numerical answer","Phase 14 deck; Phase 12 claim freeze"
"12","Demo video, storyboard, narration and recording plan","MISSING","No video, storyboard, narration or recording plan exists.","README.md","549abc314e93e2862bfc22965db89622c22890e1","Existing offline workflow and future deck visuals may be reusable","Official duration/format/size rules, storyboard, narration, capture assets and contingency plan","EXTERNAL: necessity and constraints unknown","Verify rules first; produce only if required and derive from the integrated story/demo","Phase 11 rules; Phase 14 integrated presentation/demo"
"13","Open-source, reproduction and submission package","REWORK","Requirements, runners, tests, dataset documentation and CI for Phase 6/7 exist, but there is no repository license, citation file, container/lockfile, Phase 8-9 CI, model artifact bundle, submission manifest or competition package; the clean baseline also has stale Phase 7 lineage hashes and lacks ignored raw data.","requirements.txt;README.md;docs/DATASET.md;scripts/run_phase9_1.py;tests;.github/workflows","549abc314e93e2862bfc22965db89622c22890e1","Pinned major dependencies, reproducible runners, tests, data source hashes and canonical numerical evidence","Official package structure/naming/size, license decision, citation, environment capture, cross-platform-stable checksums, raw-data acquisition and clean-room reproduction evidence","BLOCKER for reproducible submission; current full suite is 116 pass / 2 fail / 4 error on the clean Windows checkout","Create a minimal rules-compliant package and separately repair/verify lineage only with explicit authorization","Phase 11 rules; Phase 15 final audit/package"
