date,controller,battery_size,original_peak,realized_peak,peak_reduction,peak_reduction_pct,total_charge,total_discharge,throughput,initial_soc,initial_soc_error,terminal_soc,terminal_soc_error,forecast_peak,solver_status
2017-12-02,No Battery,None,426.0000000000,426.0000000000,0.0000000000,0.0000000000,0.0000000000,0.0000000000,0.0000000000,,,,,,not_applicable
2017-12-03,No Battery,None,432.0000000000,432.0000000000,0.0000000000,0.0000000000,0.0000000000,0.0000000000,0.0000000000,,,,,,not_applicable
2017-12-04,No Battery,None,465.0000000000,465.0000000000,0.0000000000,0.0000000000,0.0000000000,0.0000000000,0.0000000000,,,,,,not_applicable
2017-12-05,No Battery,None,471.0000000000,471.0000000000,0.0000000000,0.0000000000,0.0000000000,0.0000000000,0.0000000000,,,,,,not_applicable
2017-12-06,No Battery,None,475.0000000000,475.0000000000,0.0000000000,0.0000000000,0.0000000000,0.0000000000,0.0000000000,,,,,,not_applicable
2017-12-07,No Battery,None,483.0000000000,483.0000000000,0.0000000000,0.0000000000,0.0000000000,0.0000000000,0.0000000000,,,,,,not_applicable
2017-12-08,No Battery,None,483.0000000000,483.0000000000,0.0000000000,0.0000000000,0.0000000000,0.0000000000,0.0000000000,,,,,,not_applicable
2017-12-09,No Battery,None,432.0000000000,432.0000000000,0.0000000000,0.0000000000,0.0000000000,0.0000000000,0.0000000000,,,,,,not_applicable
2017-12-10,No Battery,None,429.0000000000,429.0000000000,0.0000000000,0.0000000000,0.0000000000,0.0000000000,0.0000000000,,,,,,not_applicable
2017-12-11,No Battery,None,469.0000000000,469.0000000000,0.0000000000,0.0000000000,0.0000000000,0.0000000000,0.0000000000,,,,,,not_applicable
2017-12-12,No Battery,None,468.0000000000,468.0000000000,0.0000000000,0.0000000000,0.0000000000,0.0000000000,0.0000000000,,,,,,not_applicable
2017-12-13,No Battery,None,477.0000000000,477.0000000000,0.0000000000,0.0000000000,0.0000000000,0.0000000000,0.0000000000,,,,,,not_applicable
2017-12-14,No Battery,None,471.0000000000,471.0000000000,0.0000000000,0.0000000000,0.0000000000,0.0000000000,0.0000000000,,,,,,not_applicable
2017-12-15,No Battery,None,476.0000000000,476.0000000000,0.0000000000,0.0000000000,0.0000000000,0.0000000000,0.0000000000,,,,,,not_applicable
2017-12-16,No Battery,None,425.0000000000,425.0000000000,0.0000000000,0.0000000000,0.0000000000,0.0000000000,0.0000000000,,,,,,not_applicable
2017-12-17,No Battery,None,423.0000000000,423.0000000000,0.0000000000,0.0000000000,0.0000000000,0.0000000000,0.0000000000,,,,,,not_applicable
2017-12-18,No Battery,None,462.0000000000,462.0000000000,0.0000000000,0.0000000000,0.0000000000,0.0000000000,0.0000000000,,,,,,not_applicable
2017-12-19,No Battery,None,467.0000000000,467.0000000000,0.0000000000,0.0000000000,0.0000000000,0.0000000000,0.0000000000,,,,,,not_applicable
2017-12-20,No Battery,None,461.0000000000,461.0000000000,0.0000000000,0.0000000000,0.0000000000,0.0000000000,0.0000000000,,,,,,not_applicable
2017-12-21,No Battery,None,460.0000000000,460.0000000000,0.0000000000,0.0000000000,0.0000000000,0.0000000000,0.0000000000,,,,,,not_applicable
2017-12-22,No Battery,None,444.0000000000,444.0000000000,0.0000000000,0.0000000000,0.0000000000,0.0000000000,0.0000000000,,,,,,not_applicable
2017-12-23,No Battery,None,400.0000000000,400.0000000000,0.0000000000,0.0000000000,0.0000000000,0.0000000000,0.0000000000,,,,,,not_applicable
2017-12-24,No Battery,None,395.0000000000,395.0000000000,0.0000000000,0.0000000000,0.0000000000,0.0000000000,0.0000000000,,,,,,not_applicable
2017-12-25,No Battery,None,390.0000000000,390.0000000000,0.0000000000,0.0000000000,0.0000000000,0.0000000000,0.0000000000,,,,,,not_applicable
2017-12-26,No Battery,None,400.0000000000,400.0000000000,0.0000000000,0.0000000000,0.0000000000,0.0000000000,0.0000000000,,,,,,not_applicable
2017-12-27,No Battery,None,426.0000000000,426.0000000000,0.0000000000,0.0000000000,0.0000000000,0.0000000000,0.0000000000,,,,,,not_applicable
2017-12-28,No Battery,None,427.0000000000,427.0000000000,0.0000000000,0.0000000000,0.0000000000,0.0000000000,0.0000000000,,,,,,not_applicable
2017-12-29,No Battery,None,430.0000000000,430.0000000000,0.0000000000,0.0000000000,0.0000000000,0.0000000000,0.0000000000,,,,,,not_applicable
2017-12-30,No Battery,None,411.0000000000,411.0000000000,0.0000000000,0.0000000000,0.0000000000,0.0000000000,0.0000000000,,,,,,not_applicable
2017-12-31,No Battery,None,404.0000000000,404.0000000000,0.0000000000,0.0000000000,0.0000000000,0.0000000000,0.0000000000,,,,,,not_applicable
2017-12-02,Persistence,Medium,426.0000000000,450.1453744493,-24.1453744493,-5.6679282745,284.8898678414,256.4008810573,541.2907488987,366.3887497592,0.0000000000,366.3887497592,0.0000000000,441.1453744493,0: optimal
2017-12-03,Persistence,Medium,432.0000000000,427.0176211454,4.9823788546,1.1533284386,64.2290748899,57.8061674009,122.0352422907,366.3887497592,0.0000000000,366.3887497592,0.0000000000,416.0176211454,0: optimal
2017-12-04,Persistence,Medium,465.0000000000,459.8201754386,5.1798245614,1.1139407659,86.8421052632,78.1578947368,165.0000000000,366.3887497592,0.0000000000,366.3887497592,0.0000000000,417.8201754386,0: optimal
2017-12-05,Persistence,Medium,471.0000000000,454.9868995633,16.0131004367,3.3998090099,276.8558951965,249.1703056769,526.0262008734,366.3887497592,0.0000000000,366.3887497592,0.0000000000,432.9868995633,0: optimal
2017-12-06,Persistence,Medium,475.0000000000,453.9559471366,21.0440528634,4.4303269186,249.4273127753,224.4845814978,473.9118942731,366.3887497592,0.0000000000,366.3887497592,0.0000000000,440.9559471366,0: optimal
2017-12-07,Persistence,Medium,483.0000000000,449.4247787611,33.5752212389,6.9513915609,261.9469026549,235.7522123894,497.6991150442,366.3887497592,0.0000000000,366.3887497592,0.0000000000,440.4247787611,0: optimal
2017-12-08,Persistence,Medium,483.0000000000,448.6150442478,34.3849557522,7.1190384580,307.6106194690,276.8495575221,584.4601769911,366.3887497592,0.0000000000,366.3887497592,0.0000000000,440.6150442478,0: optimal
2017-12-09,Persistence,Medium,432.0000000000,441.4493392070,-9.4493392070,-2.1873470387,297.8414096916,268.0572687225,565.8986784141,366.3887497592,0.0000000000,366.3887497592,0.0000000000,441.4493392070,0: optimal
2017-12-10,Persistence,Medium,429.0000000000,424.2444444444,4.7555555556,1.1085211085,78.6666666667,70.8000000000,149.4666666667,366.3887497592,0.0000000000,366.3887497592,0.0000000000,416.2444444444,0: optimal
2017-12-11,Persistence,Medium,469.0000000000,466.8421052632,2.1578947368,0.4601054876,92.1052631579,82.8947368421,175.0000000000,366.3887497592,0.0000000000,366.3887497592,0.0000000000,415.8421052632,0: optimal
2017-12-12,Persistence,Medium,468.0000000000,442.5198237885,25.4801762115,5.4444820965,284.7577092511,256.2819383260,541.0396475771,366.3887497592,0.0000000000,366.3887497592,0.0000000000,436.5198237885,0: optimal
2017-12-13,Persistence,Medium,477.0000000000,450.0486725664,26.9513274336,5.6501734662,251.6814159292,226.5132743363,478.1946902655,366.3887497592,0.0000000000,366.3887497592,0.0000000000,436.0486725664,0: optimal
2017-12-14,Persistence,Medium,471.0000000000,449.0929203540,21.9070796460,4.6511846382,292.3008849558,263.0707964602,555.3716814159,366.3887497592,0.0000000000,366.3887497592,0.0000000000,437.0929203540,0: optimal
2017-12-15,Persistence,Medium,476.0000000000,443.8728070175,32.1271929825,6.7494102904,279.4736842105,251.5263157895,531.0000000000,366.3887497592,0.0000000000,366.3887497592,0.0000000000,436.8728070175,0: optimal
2017-12-16,Persistence,Medium,425.0000000000,435.1725663717,-10.1725663717,-2.3935450286,271.4159292035,244.2743362832,515.6902654867,366.3887497592,0.0000000000,366.3887497592,0.0000000000,436.1725663717,0: optimal
2017-12-17,Persistence,Medium,423.0000000000,416.1504424779,6.8495575221,1.6192807381,76.1061946903,68.4955752212,144.6017699115,366.3887497592,0.0000000000,366.3887497592,0.0000000000,412.1504424779,0: optimal
2017-12-18,Persistence,Medium,462.0000000000,457.3612334802,4.6387665198,1.0040620173,76.6960352423,69.0264317181,145.7224669604,366.3887497592,0.0000000000,366.3887497592,0.0000000000,411.3612334802,0: optimal
2017-12-19,Persistence,Medium,467.0000000000,449.0660792952,17.9339207048,3.8402399796,265.8590308370,239.2731277533,505.1321585903,366.3887497592,0.0000000000,366.3887497592,0.0000000000,431.0660792952,0: optimal
2017-12-20,Persistence,Medium,461.0000000000,449.9911894273,11.0088105727,2.3880283238,227.8854625551,205.0969162996,432.9823788546,366.3887497592,0.0000000000,366.3887497592,0.0000000000,439.9911894273,0: optimal
2017-12-21,Persistence,Medium,460.0000000000,438.7743362832,21.2256637168,4.6142747210,195.8407079646,176.2566371681,372.0973451327,366.3887497592,0.0000000000,366.3887497592,0.0000000000,435.7743362832,0: optimal
2017-12-22,Persistence,Medium,444.0000000000,442.0396475771,1.9603524229,0.4415208160,229.5154185022,206.5638766520,436.0792951542,366.3887497592,0.0000000000,366.3887497592,0.0000000000,431.0396475771,0: optimal
2017-12-23,Persistence,Medium,400.0000000000,415.9288888889,-15.9288888889,-3.9822222222,172.9333333333,155.6400000000,328.5733333333,366.3887497592,0.0000000000,366.3887497592,0.0000000000,412.9288888889,0: optimal
2017-12-24,Persistence,Medium,395.0000000000,397.1409691630,-2.1409691630,-0.5420175096,63.8325991189,57.4493392070,121.2819383260,366.3887497592,0.0000000000,366.3887497592,0.0000000000,391.1409691630,0: optimal
2017-12-25,Persistence,Medium,390.0000000000,389.8333333333,0.1666666667,0.0427350427,30.0000000000,27.0000000000,57.0000000000,366.3887497592,0.0000000000,366.3887497592,0.0000000000,389.8333333333,0: optimal
2017-12-26,Persistence,Medium,400.0000000000,395.8991228070,4.1008771930,1.0252192982,25.7894736842,23.2105263158,49.0000000000,366.3887497592,0.0000000000,366.3887497592,0.0000000000,385.8991228070,0: optimal
2017-12-27,Persistence,Medium,426.0000000000,417.2522123894,8.7477876106,2.0534712701,80.5309734513,72.4778761062,153.0088495575,366.3887497592,0.0000000000,366.3887497592,0.0000000000,388.2522123894,0: optimal
2017-12-28,Persistence,Medium,427.0000000000,431.8165938865,-4.8165938865,-1.1280079359,175.9825327511,158.3842794760,334.3668122271,366.3887497592,0.0000000000,366.3887497592,0.0000000000,402.8165938865,0: optimal
2017-12-29,Persistence,Medium,430.0000000000,415.9956140351,14.0043859649,3.2568339453,128.9473684211,116.0526315789,245.0000000000,366.3887497592,0.0000000000,366.3887497592,0.0000000000,411.9956140351,0: optimal
2017-12-30,Persistence,Medium,411.0000000000,418.1858407080,-7.1858407080,-1.7483797343,134.6017699115,121.1415929204,255.7433628319,366.3887497592,0.0000000000,366.3887497592,0.0000000000,410.1858407080,0: optimal
2017-12-31,Persistence,Medium,404.0000000000,405.4513274336,-1.4513274336,-0.3592394638,38.3185840708,34.4867256637,72.8053097345,366.3887497592,0.0000000000,366.3887497592,0.0000000000,405.4513274336,0: optimal
2017-12-02,LightGBM,Medium,426.0000000000,424.0461410624,1.9538589376,0.4586523328,96.9344939422,87.2410445480,184.1755384902,366.3887497592,0.0000000000,366.3887497592,0.0000000000,420.5857558977,0: optimal
2017-12-03,LightGBM,Medium,432.0000000000,425.3015738768,6.6984261232,1.5505616026,55.6679371995,50.1011434796,105.7690806791,366.3887497592,0.0000000000,366.3887497592,0.0000000000,415.5958188686,0: optimal
2017-12-04,LightGBM,Medium,465.0000000000,445.0430826662,19.9569173338,4.2918101793,267.6249596685,240.8624637017,508.4874233702,366.3887497592,0.0000000000,366.3887497592,0.0000000000,437.7980161072,0: optimal
2017-12-05,LightGBM,Medium,471.0000000000,451.9984577965,19.0015422035,4.0342977077,250.4676437513,225.4208793762,475.8885231275,366.3887497592,0.0000000000,366.3887497592,0.0000000000,442.0353232337,0: optimal
2017-12-06,LightGBM,Medium,475.0000000000,452.5348902399,22.4651097601,4.7294967916,244.2167078225,219.7950370403,464.0117448628,366.3887497592,0.0000000000,366.3887497592,0.0000000000,441.5136010470,0: optimal
2017-12-07,LightGBM,Medium,483.0000000000,450.9629696558,32.0370303442,6.6329255371,241.3205001427,217.1884501285,458.5089502712,366.3887497592,0.0000000000,366.3887497592,0.0000000000,437.1560883192,0: optimal
2017-12-08,LightGBM,Medium,483.0000000000,452.9082453009,30.0917546991,6.2301769563,265.0580349609,238.5522314648,503.6102664258,366.3887497592,0.0000000000,366.3887497592,0.0000000000,435.2016895267,0: optimal
2017-12-09,LightGBM,Medium,432.0000000000,422.4894676472,9.5105323528,2.2015121187,72.7328792877,65.4595913590,138.1924706467,366.3887497592,0.0000000000,366.3887497592,0.0000000000,420.3635324159,0: optimal
2017-12-10,LightGBM,Medium,429.0000000000,423.2759457204,5.7240542796,1.3342783869,53.9532111973,48.5578900776,102.5111012749,366.3887497592,0.0000000000,366.3887497592,0.0000000000,416.5323978959,0: optimal
2017-12-11,LightGBM,Medium,469.0000000000,443.6954082187,25.3045917813,5.3954353478,270.2524263573,243.2271837216,513.4796100788,366.3887497592,0.0000000000,366.3887497592,0.0000000000,440.8234025075,0: optimal
2017-12-12,LightGBM,Medium,468.0000000000,441.3275948663,26.6724051337,5.6992318662,257.1376361068,231.4238724961,488.5615086029,366.3887497592,0.0000000000,366.3887497592,0.0000000000,439.7044465803,0: optimal
2017-12-13,LightGBM,Medium,477.0000000000,453.8018392081,23.1981607919,4.8633460780,218.7709225529,196.8938302976,415.6647528505,366.3887497592,0.0000000000,366.3887497592,0.0000000000,435.0157979470,0: optimal
2017-12-14,LightGBM,Medium,471.0000000000,447.2633634602,23.7366365398,5.0396255923,243.7819610084,219.4037649076,463.1857259160,366.3887497592,0.0000000000,366.3887497592,0.0000000000,433.6047231978,0: optimal
2017-12-15,LightGBM,Medium,476.0000000000,448.8878085679,27.1121914321,5.6958385362,231.9589174557,208.7630257101,440.7219431658,366.3887497592,0.0000000000,366.3887497592,0.0000000000,431.0045049466,0: optimal
2017-12-16,LightGBM,Medium,425.0000000000,417.8966056347,7.1033943653,1.6713869095,72.9966507750,65.6969856975,138.6936364725,366.3887497592,0.0000000000,366.3887497592,0.0000000000,417.7584294971,0: optimal
2017-12-17,LightGBM,Medium,423.0000000000,419.0217628944,3.9782371056,0.9404815852,33.0551067644,29.7495960880,62.8047028523,366.3887497592,0.0000000000,366.3887497592,0.0000000000,415.9733585738,0: optimal
2017-12-18,LightGBM,Medium,462.0000000000,439.8755211761,22.1244788239,4.7888482303,232.1271957865,208.9144762078,441.0416719943,366.3887497592,0.0000000000,366.3887497592,0.0000000000,437.4244774707,0: optimal
2017-12-19,LightGBM,Medium,467.0000000000,447.8937642808,19.1062357192,4.0912710319,218.7340738288,196.8606664459,415.5947402748,366.3887497592,0.0000000000,366.3887497592,0.0000000000,436.5154727699,0: optimal
2017-12-20,LightGBM,Medium,461.0000000000,443.2903337975,17.7096662025,3.8415761828,218.5761256727,196.7185131055,415.2946387782,366.3887497592,0.0000000000,366.3887497592,0.0000000000,437.6879586779,0: optimal
2017-12-21,LightGBM,Medium,460.0000000000,440.3782836114,19.6217163886,4.2655905193,186.2009807850,167.5808827065,353.7818634915,366.3887497592,0.0000000000,366.3887497592,0.0000000000,431.8347205050,0: optimal
2017-12-22,LightGBM,Medium,444.0000000000,441.5190078506,2.4809921494,0.5587820156,204.5510832570,184.0959749313,388.6470581883,366.3887497592,0.0000000000,366.3887497592,0.0000000000,427.0870023712,0: optimal
2017-12-23,LightGBM,Medium,400.0000000000,403.6673386034,-3.6673386034,-0.9168346509,62.0350924022,55.8315831620,117.8666755641,366.3887497592,0.0000000000,366.3887497592,0.0000000000,418.0968498510,0: optimal
2017-12-24,LightGBM,Medium,395.0000000000,396.8207553075,-1.8207553075,-0.4609507108,40.5657076969,36.5091369273,77.0748446242,366.3887497592,0.0000000000,366.3887497592,0.0000000000,421.2463807966,0: optimal
2017-12-25,LightGBM,Medium,390.0000000000,409.6520917541,-19.6520917541,-5.0389978857,185.8184196230,167.2365776607,353.0549972837,366.3887497592,0.0000000000,366.3887497592,0.0000000000,436.3266104109,0: optimal
2017-12-26,LightGBM,Medium,400.0000000000,401.3937365546,-1.3937365546,-0.3484341387,113.4129397689,102.0716457920,215.4845855608,366.3887497592,0.0000000000,366.3887497592,0.0000000000,427.9412397613,0: optimal
2017-12-27,LightGBM,Medium,426.0000000000,423.1545647447,2.8454352553,0.6679425482,32.9486190797,29.6537571717,62.6023762514,366.3887497592,0.0000000000,366.3887497592,0.0000000000,427.7543354651,0: optimal
2017-12-28,LightGBM,Medium,427.0000000000,425.6316674442,1.3683325558,0.3204525892,84.7055770063,76.2350193056,160.9405963119,366.3887497592,0.0000000000,366.3887497592,0.0000000000,426.2672983806,0: optimal
2017-12-29,LightGBM,Medium,430.0000000000,422.2276818282,7.7723181718,1.8075158539,65.7001302465,59.1301172218,124.8302474683,366.3887497592,0.0000000000,366.3887497592,0.0000000000,422.6868476547,0: optimal
2017-12-30,LightGBM,Medium,411.0000000000,413.0309968208,-2.0309968208,-0.4941598104,44.5525819078,40.0973237171,84.6499056249,366.3887497592,0.0000000000,366.3887497592,0.0000000000,417.3664571087,0: optimal
2017-12-31,LightGBM,Medium,404.0000000000,409.9837735795,-5.9837735795,-1.4811320741,45.9209487540,41.3288538786,87.2498026327,366.3887497592,0.0000000000,366.3887497592,0.0000000000,415.1550552734,0: optimal
2017-12-02,Oracle,Medium,426.0000000000,416.0176211454,9.9823788546,2.3432814213,64.2290748899,57.8061674009,122.0352422907,366.3887497592,0.0000000000,366.3887497592,0.0000000000,416.0176211454,0: optimal
2017-12-03,Oracle,Medium,432.0000000000,417.8201754386,14.1798245614,3.2823667966,86.8421052632,78.1578947368,165.0000000000,366.3887497592,0.0000000000,366.3887497592,0.0000000000,417.8201754386,0: optimal
2017-12-04,Oracle,Medium,465.0000000000,432.9868995633,32.0131004367,6.8845377283,276.8558951965,249.1703056769,526.0262008734,366.3887497592,0.0000000000,366.3887497592,0.0000000000,432.9868995633,0: optimal
2017-12-05,Oracle,Medium,471.0000000000,440.9559471366,30.0440528634,6.3787798012,249.4273127753,224.4845814978,473.9118942731,366.3887497592,0.0000000000,366.3887497592,0.0000000000,440.9559471366,0: optimal
2017-12-06,Oracle,Medium,475.0000000000,440.4247787611,34.5752212389,7.2789939450,261.9469026549,235.7522123894,497.6991150442,366.3887497592,0.0000000000,366.3887497592,0.0000000000,440.4247787611,0: optimal
2017-12-07,Oracle,Medium,483.0000000000,440.6150442478,42.3849557522,8.7753531578,307.6106194690,276.8495575221,584.4601769911,366.3887497592,0.0000000000,366.3887497592,0.0000000000,440.6150442478,0: optimal
2017-12-08,Oracle,Medium,483.0000000000,441.4493392070,41.5506607930,8.6026212822,297.8414096916,268.0572687225,565.8986784141,366.3887497592,0.0000000000,366.3887497592,0.0000000000,441.4493392070,0: optimal
2017-12-09,Oracle,Medium,432.0000000000,416.2444444444,15.7555555556,3.6471193416,78.6666666667,70.8000000000,149.4666666667,366.3887497592,0.0000000000,366.3887497592,0.0000000000,416.2444444444,0: optimal
2017-12-10,Oracle,Medium,429.0000000000,415.8421052632,13.1578947368,3.0671083303,92.1052631579,82.8947368421,175.0000000000,366.3887497592,0.0000000000,366.3887497592,0.0000000000,415.8421052632,0: optimal
2017-12-11,Oracle,Medium,469.0000000000,436.5198237885,32.4801762115,6.9254107061,284.7577092511,256.2819383260,541.0396475771,366.3887497592,0.0000000000,366.3887497592,0.0000000000,436.5198237885,0: optimal
2017-12-12,Oracle,Medium,468.0000000000,436.0486725664,31.9513274336,6.8272067166,251.6814159292,226.5132743363,478.1946902655,366.3887497592,0.0000000000,366.3887497592,0.0000000000,436.0486725664,0: optimal
2017-12-13,Oracle,Medium,477.0000000000,437.0929203540,39.9070796460,8.3662640767,292.3008849558,263.0707964602,555.3716814159,366.3887497592,0.0000000000,366.3887497592,0.0000000000,437.0929203540,0: optimal
2017-12-14,Oracle,Medium,471.0000000000,436.8728070175,34.1271929825,7.2456885313,279.4736842105,251.5263157895,531.0000000000,366.3887497592,0.0000000000,366.3887497592,0.0000000000,436.8728070175,0: optimal
2017-12-15,Oracle,Medium,476.0000000000,436.1725663717,39.8274336283,8.3671079051,271.4159292035,244.2743362832,515.6902654867,366.3887497592,0.0000000000,366.3887497592,0.0000000000,436.1725663717,0: optimal
2017-12-16,Oracle,Medium,425.0000000000,412.1504424779,12.8495575221,3.0234252993,76.1061946903,68.4955752212,144.6017699115,366.3887497592,0.0000000000,366.3887497592,0.0000000000,412.1504424779,0: optimal
2017-12-17,Oracle,Medium,423.0000000000,411.3612334802,11.6387665198,2.7514814468,76.6960352423,69.0264317181,145.7224669604,366.3887497592,0.0000000000,366.3887497592,0.0000000000,411.3612334802,0: optimal
2017-12-18,Oracle,Medium,462.0000000000,431.0660792952,30.9339207048,6.6956538322,265.8590308370,239.2731277533,505.1321585903,366.3887497592,0.0000000000,366.3887497592,0.0000000000,431.0660792952,0: optimal
2017-12-19,Oracle,Medium,467.0000000000,439.9911894273,27.0088105727,5.7834712147,227.8854625551,205.0969162996,432.9823788546,366.3887497592,0.0000000000,366.3887497592,0.0000000000,439.9911894273,0: optimal
2017-12-20,Oracle,Medium,461.0000000000,435.7743362832,25.2256637168,5.4719444071,195.8407079646,176.2566371681,372.0973451327,366.3887497592,0.0000000000,366.3887497592,0.0000000000,435.7743362832,0: optimal
2017-12-21,Oracle,Medium,460.0000000000,431.0396475771,28.9603524229,6.2957287876,229.5154185022,206.5638766520,436.0792951542,366.3887497592,0.0000000000,366.3887497592,0.0000000000,431.0396475771,0: optimal
2017-12-22,Oracle,Medium,444.0000000000,412.9288888889,31.0711111111,6.9979979980,172.9333333333,155.6400000000,328.5733333333,366.3887497592,0.0000000000,366.3887497592,0.0000000000,412.9288888889,0: optimal
2017-12-23,Oracle,Medium,400.0000000000,391.1409691630,8.8590308370,2.2147577093,63.8325991189,57.4493392070,121.2819383260,366.3887497592,0.0000000000,366.3887497592,0.0000000000,391.1409691630,0: optimal
2017-12-24,Oracle,Medium,395.0000000000,389.8333333333,5.1666666667,1.3080168776,30.0000000000,27.0000000000,57.0000000000,366.3887497592,0.0000000000,366.3887497592,0.0000000000,389.8333333333,0: optimal
2017-12-25,Oracle,Medium,390.0000000000,385.8991228070,4.1008771930,1.0515069726,25.7894736842,23.2105263158,49.0000000000,366.3887497592,0.0000000000,366.3887497592,0.0000000000,385.8991228070,0: optimal
2017-12-26,Oracle,Medium,400.0000000000,388.2522123894,11.7477876106,2.9369469027,80.5309734513,72.4778761062,153.0088495575,366.3887497592,0.0000000000,366.3887497592,0.0000000000,388.2522123894,0: optimal
2017-12-27,Oracle,Medium,426.0000000000,402.8165938865,23.1834061135,5.4421141112,175.9825327511,158.3842794760,334.3668122271,366.3887497592,0.0000000000,366.3887497592,0.0000000000,402.8165938865,0: optimal
2017-12-28,Oracle,Medium,427.0000000000,411.9956140351,15.0043859649,3.5139077201,128.9473684211,116.0526315789,245.0000000000,366.3887497592,0.0000000000,366.3887497592,0.0000000000,411.9956140351,0: optimal
2017-12-29,Oracle,Medium,430.0000000000,410.1858407080,19.8141592920,4.6079440214,134.6017699115,121.1415929204,255.7433628319,366.3887497592,0.0000000000,366.3887497592,0.0000000000,410.1858407080,0: optimal
2017-12-30,Oracle,Medium,411.0000000000,405.4513274336,5.5486725664,1.3500419870,38.3185840708,34.4867256637,72.8053097345,366.3887497592,0.0000000000,366.3887497592,0.0000000000,405.4513274336,0: optimal
2017-12-31,Oracle,Medium,404.0000000000,400.2035398230,3.7964601770,0.9397178656,18.8495575221,16.9646017699,35.8141592920,366.3887497592,0.0000000000,366.3887497592,0.0000000000,400.2035398230,0: optimal
2017-12-02,Persistence,Small,426.0000000000,449.4092091915,-23.4092091915,-5.4951195285,212.1198978726,190.9079080853,403.0278059579,183.1943748796,0.0000000000,183.1943748796,0.0000000000,447.4092091915,0: optimal
2017-12-03,Persistence,Small,432.0000000000,427.0176211454,4.9823788546,1.1533284386,64.2290748899,57.8061674009,122.0352422907,183.1943748796,0.0000000000,183.1943748796,0.0000000000,416.0176211454,0: optimal
2017-12-04,Persistence,Small,465.0000000000,459.8201754386,5.1798245614,1.1139407659,86.8421052632,78.1578947368,165.0000000000,183.1943748796,0.0000000000,183.1943748796,0.0000000000,417.8201754386,0: optimal
2017-12-05,Persistence,Small,471.0000000000,463.3830901578,7.6169098422,1.6171783104,174.6323315801,157.1690984221,331.8014300022,183.1943748796,0.0000000000,183.1943748796,0.0000000000,441.3830901578,0: optimal
2017-12-06,Persistence,Small,475.0000000000,457.8319090554,17.1680909446,3.6143349357,202.9787882730,182.6809094457,385.6596977187,183.1943748796,0.0000000000,183.1943748796,0.0000000000,444.8319090554,0: optimal
2017-12-07,Persistence,Small,483.0000000000,452.8503856621,30.1496143379,6.2421561776,223.8846037550,201.4961433795,425.3807471344,183.1943748796,0.0000000000,183.1943748796,0.0000000000,443.8503856621,0: optimal
2017-12-08,Persistence,Small,483.0000000000,455.8062680150,27.1937319850,5.6301722536,227.7081331667,204.9373198500,432.6454530168,183.1943748796,0.0000000000,183.1943748796,0.0000000000,447.8062680150,0: optimal
2017-12-09,Persistence,Small,432.0000000000,445.5529811114,-13.5529811114,-3.1372641462,242.2479666638,218.0231699974,460.2711366611,183.1943748796,0.0000000000,183.1943748796,0.0000000000,446.5529811114,0: optimal
2017-12-10,Persistence,Small,429.0000000000,424.2444444444,4.7555555556,1.1085211085,78.6666666667,70.8000000000,149.4666666667,183.1943748796,0.0000000000,183.1943748796,0.0000000000,416.2444444444,0: optimal
2017-12-11,Persistence,Small,469.0000000000,466.8421052632,2.1578947368,0.4601054876,92.1052631579,82.8947368421,175.0000000000,183.1943748796,0.0000000000,183.1943748796,0.0000000000,415.8421052632,0: optimal
2017-12-12,Persistence,Small,468.0000000000,449.0448607146,18.9551392854,4.0502434371,210.6625039651,189.5962535686,400.2587575337,183.1943748796,0.0000000000,183.1943748796,0.0000000000,443.0448607146,0: optimal
2017-12-13,Persistence,Small,477.0000000000,454.6812680150,22.3187319850,4.6789794518,200.2081331667,180.1873198500,380.3954530168,183.1943748796,0.0000000000,183.1943748796,0.0000000000,440.6812680150,0: optimal
2017-12-14,Persistence,Small,471.0000000000,455.8147019844,15.1852980156,3.2240547804,220.7418690445,198.6676821400,419.4095511845,183.1943748796,0.0000000000,183.1943748796,0.0000000000,443.8147019844,0: optimal
2017-12-15,Persistence,Small,476.0000000000,450.7106797797,25.2893202203,5.3128823992,194.3257802255,174.8932022030,369.2189824285,183.1943748796,0.0000000000,183.1943748796,0.0000000000,443.7106797797,0: optimal
2017-12-16,Persistence,Small,425.0000000000,437.0196477781,-12.0196477781,-2.8281524184,217.5812999971,195.8231699974,413.4044699945,183.1943748796,0.0000000000,183.1943748796,0.0000000000,441.0196477781,0: optimal
2017-12-17,Persistence,Small,423.0000000000,416.1504424779,6.8495575221,1.6192807381,76.1061946903,68.4955752212,144.6017699115,183.1943748796,0.0000000000,183.1943748796,0.0000000000,412.1504424779,0: optimal
2017-12-18,Persistence,Small,462.0000000000,457.3612334802,4.6387665198,1.0040620173,76.6960352423,69.0264317181,145.7224669604,183.1943748796,0.0000000000,183.1943748796,0.0000000000,411.3612334802,0: optimal
2017-12-19,Persistence,Small,467.0000000000,454.5415621326,12.4584378674,2.6677597146,190.6493096373,171.5843786736,362.2336883109,183.1943748796,0.0000000000,183.1943748796,0.0000000000,437.5415621326,0: optimal
2017-12-20,Persistence,Small,461.0000000000,444.9312680150,16.0687319850,3.4856251594,195.2081331667,175.6873198500,370.8954530168,183.1943748796,0.0000000000,183.1943748796,0.0000000000,442.9312680150,0: optimal
2017-12-21,Persistence,Small,460.0000000000,438.7743362832,21.2256637168,4.6142747210,195.8407079646,176.2566371681,372.0973451327,183.1943748796,0.0000000000,183.1943748796,0.0000000000,435.7743362832,0: optimal
2017-12-22,Persistence,Small,444.0000000000,443.8733755477,0.1266244523,0.0285190208,207.1031877499,186.3928689749,393.4960567249,183.1943748796,0.0000000000,183.1943748796,0.0000000000,432.8733755477,0: optimal
2017-12-23,Persistence,Small,400.0000000000,415.9288888889,-15.9288888889,-3.9822222222,172.9333333333,155.6400000000,328.5733333333,183.1943748796,0.0000000000,183.1943748796,0.0000000000,412.9288888889,0: optimal
2017-12-24,Persistence,Small,395.0000000000,397.1409691630,-2.1409691630,-0.5420175096,63.8325991189,57.4493392070,121.2819383260,183.1943748796,0.0000000000,183.1943748796,0.0000000000,391.1409691630,0: optimal
2017-12-25,Persistence,Small,390.0000000000,389.8333333333,0.1666666667,0.0427350427,30.0000000000,27.0000000000,57.0000000000,183.1943748796,0.0000000000,183.1943748796,0.0000000000,389.8333333333,0: optimal
2017-12-26,Persistence,Small,400.0000000000,395.8991228070,4.1008771930,1.0252192982,25.7894736842,23.2105263158,49.0000000000,183.1943748796,0.0000000000,183.1943748796,0.0000000000,385.8991228070,0: optimal
2017-12-27,Persistence,Small,426.0000000000,417.2522123894,8.7477876106,2.0534712701,80.5309734513,72.4778761062,153.0088495575,183.1943748796,0.0000000000,183.1943748796,0.0000000000,388.2522123894,0: optimal
2017-12-28,Persistence,Small,427.0000000000,433.3175972659,-6.3175972659,-1.4795309756,156.1182556386,140.5064300747,296.6246857133,183.1943748796,0.0000000000,183.1943748796,0.0000000000,404.3175972659,0: optimal
2017-12-29,Persistence,Small,430.0000000000,415.9956140351,14.0043859649,3.2568339453,128.9473684211,116.0526315789,245.0000000000,183.1943748796,0.0000000000,183.1943748796,0.0000000000,411.9956140351,0: optimal
2017-12-30,Persistence,Small,411.0000000000,418.1858407080,-7.1858407080,-1.7483797343,134.6017699115,121.1415929204,255.7433628319,183.1943748796,0.0000000000,183.1943748796,0.0000000000,410.1858407080,0: optimal
2017-12-31,Persistence,Small,404.0000000000,405.4513274336,-1.4513274336,-0.3592394638,38.3185840708,34.4867256637,72.8053097345,183.1943748796,0.0000000000,183.1943748796,0.0000000000,405.4513274336,0: optimal
2017-12-02,LightGBM,Small,426.0000000000,424.0461410624,1.9538589376,0.4586523328,96.9344939422,87.2410445480,184.1755384902,183.1943748796,0.0000000000,183.1943748796,0.0000000000,420.5857558977,0: optimal
2017-12-03,LightGBM,Small,432.0000000000,425.3015738768,6.6984261232,1.5505616026,55.6679371995,50.1011434796,105.7690806791,183.1943748796,0.0000000000,183.1943748796,0.0000000000,415.5958188686,0: optimal
2017-12-04,LightGBM,Small,465.0000000000,450.6313131225,14.3686868775,3.0900401887,205.5335101542,184.9801591388,390.5136692931,183.1943748796,0.0000000000,183.1943748796,0.0000000000,443.3862465635,0: optimal
2017-12-05,LightGBM,Small,471.0000000000,452.9960432333,18.0039567667,3.8224961288,200.0590323474,180.0531291127,380.1121614600,183.1943748796,0.0000000000,183.1943748796,0.0000000000,446.5720982600,0: optimal
2017-12-06,LightGBM,Small,475.0000000000,456.0173983516,18.9826016484,3.9963371891,205.5221732488,184.9699559239,390.4921291727,183.1943748796,0.0000000000,183.1943748796,0.0000000000,444.9961091586,0: optimal
2017-12-07,LightGBM,Small,483.0000000000,453.6534172813,29.3465827187,6.0758970432,211.4266376375,190.2839738737,401.7106115112,183.1943748796,0.0000000000,183.1943748796,0.0000000000,439.8465359447,0: optimal
2017-12-08,LightGBM,Small,483.0000000000,457.0337781705,25.9662218295,5.3760293643,219.2187808538,197.2969027684,416.5156836221,183.1943748796,0.0000000000,183.1943748796,0.0000000000,439.3272223963,0: optimal
2017-12-09,LightGBM,Small,432.0000000000,422.4894676472,9.5105323528,2.2015121187,72.7328792877,65.4595913590,138.1924706467,183.1943748796,0.0000000000,183.1943748796,0.0000000000,420.3635324159,0: optimal
2017-12-10,LightGBM,Small,429.0000000000,423.2759457204,5.7240542796,1.3342783869,53.9532111973,48.5578900776,102.5111012749,183.1943748796,0.0000000000,183.1943748796,0.0000000000,416.5323978959,0: optimal
2017-12-11,LightGBM,Small,469.0000000000,449.1777611714,19.8222388286,4.2264901554,209.3373935500,188.4036541950,397.7410477449,183.1943748796,0.0000000000,183.1943748796,0.0000000000,446.3057554602,0: optimal
2017-12-12,LightGBM,Small,468.0000000000,445.4648531384,22.5351468616,4.8152023208,211.1680997499,190.0512897749,401.2193895248,183.1943748796,0.0000000000,183.1943748796,0.0000000000,443.8417048524,0: optimal
2017-12-13,LightGBM,Small,477.0000000000,456.1459369190,20.8540630810,4.3719209813,192.7253924321,173.4528531889,366.1782456210,183.1943748796,0.0000000000,183.1943748796,0.0000000000,437.3598956579,0: optimal
2017-12-14,LightGBM,Small,471.0000000000,450.8462024585,20.1537975415,4.2789379069,203.9726388048,183.5753749243,387.5480137291,183.1943748796,0.0000000000,183.1943748796,0.0000000000,437.1875621961,0: optimal
2017-12-15,LightGBM,Small,476.0000000000,452.1301304900,23.8698695100,5.0146784685,198.2999299761,178.4699369785,376.7698669546,183.1943748796,0.0000000000,183.1943748796,0.0000000000,434.2468268687,0: optimal
2017-12-16,LightGBM,Small,425.0000000000,417.8966056347,7.1033943653,1.6713869095,72.9966507750,65.6969856975,138.6936364725,183.1943748796,0.0000000000,183.1943748796,0.0000000000,417.7584294971,0: optimal
2017-12-17,LightGBM,Small,423.0000000000,419.0217628944,3.9782371056,0.9404815852,33.0551067644,29.7495960879,62.8047028523,183.1943748796,0.0000000000,183.1943748796,0.0000000000,415.9733585738,0: optimal
2017-12-18,LightGBM,Small,462.0000000000,442.8408786692,19.1591213308,4.1469959591,200.6480235407,180.5832211867,381.2312447274,183.1943748796,0.0000000000,183.1943748796,0.0000000000,440.3898349637,0: optimal
2017-12-19,LightGBM,Small,467.0000000000,450.5352514245,16.4647485755,3.5256420932,189.3842166767,170.4457950090,359.8300116857,183.1943748796,0.0000000000,183.1943748796,0.0000000000,439.1569599136,0: optimal
2017-12-20,LightGBM,Small,461.0000000000,445.0559384908,15.9440615092,3.4585816723,191.5851021051,172.4265918946,364.0116939996,183.1943748796,0.0000000000,183.1943748796,0.0000000000,440.1171507990,0: optimal
2017-12-21,LightGBM,Small,460.0000000000,440.3782836114,19.6217163886,4.2655905193,186.2009807850,167.5808827065,353.7818634915,183.1943748796,0.0000000000,183.1943748796,0.0000000000,431.8347205050,0: optimal
2017-12-22,LightGBM,Small,444.0000000000,442.0916427261,1.9083572739,0.4298101968,198.1884735289,178.3696261760,376.5580997049,183.1943748796,0.0000000000,183.1943748796,0.0000000000,427.6596372467,0: optimal
2017-12-23,LightGBM,Small,400.0000000000,403.6673386034,-3.6673386034,-0.9168346509,62.0350924022,55.8315831620,117.8666755641,183.1943748796,0.0000000000,183.1943748796,0.0000000000,418.0968498510,0: optimal
2017-12-24,LightGBM,Small,395.0000000000,396.8207553075,-1.8207553075,-0.4609507108,40.5657076969,36.5091369273,77.0748446242,183.1943748796,0.0000000000,183.1943748796,0.0000000000,421.2463807966,0: optimal
2017-12-25,LightGBM,Small,390.0000000000,409.6520917541,-19.6520917541,-5.0389978857,185.8184196230,167.2365776607,353.0549972837,183.1943748796,0.0000000000,183.1943748796,0.0000000000,436.3266104109,0: optimal
2017-12-26,LightGBM,Small,400.0000000000,401.3937365546,-1.3937365546,-0.3484341387,113.4129397689,102.0716457920,215.4845855608,183.1943748796,0.0000000000,183.1943748796,0.0000000000,427.9412397613,0: optimal
2017-12-27,LightGBM,Small,426.0000000000,423.1545647447,2.8454352553,0.6679425482,32.9486190797,29.6537571717,62.6023762514,183.1943748796,0.0000000000,183.1943748796,0.0000000000,427.7543354651,0: optimal
2017-12-28,LightGBM,Small,427.0000000000,425.6316674442,1.3683325558,0.3204525892,84.7055770063,76.2350193056,160.9405963119,183.1943748796,0.0000000000,183.1943748796,0.0000000000,426.2672983806,0: optimal
2017-12-29,LightGBM,Small,430.0000000000,422.2276818282,7.7723181718,1.8075158539,65.7001302465,59.1301172218,124.8302474683,183.1943748796,0.0000000000,183.1943748796,0.0000000000,422.6868476547,0: optimal
2017-12-30,LightGBM,Small,411.0000000000,413.0309968208,-2.0309968208,-0.4941598104,44.5525819078,40.0973237171,84.6499056249,183.1943748796,0.0000000000,183.1943748796,0.0000000000,417.3664571087,0: optimal
2017-12-31,LightGBM,Small,404.0000000000,409.9837735795,-5.9837735795,-1.4811320741,45.9209487540,41.3288538786,87.2498026327,183.1943748796,0.0000000000,183.1943748796,0.0000000000,415.1550552734,0: optimal
2017-12-02,Oracle,Small,426.0000000000,416.0176211454,9.9823788546,2.3432814213,64.2290748899,57.8061674009,122.0352422907,183.1943748796,0.0000000000,183.1943748796,0.0000000000,416.0176211454,0: optimal
2017-12-03,Oracle,Small,432.0000000000,417.8201754386,14.1798245614,3.2823667966,86.8421052632,78.1578947368,165.0000000000,183.1943748796,0.0000000000,183.1943748796,0.0000000000,417.8201754386,0: optimal
2017-12-04,Oracle,Small,465.0000000000,441.3830901578,23.6169098422,5.0789053424,174.6323315801,157.1690984221,331.8014300022,183.1943748796,0.0000000000,183.1943748796,0.0000000000,441.3830901578,0: optimal
2017-12-05,Oracle,Small,471.0000000000,444.8319090554,26.1680909446,5.5558579500,202.9787882730,182.6809094457,385.6596977187,183.1943748796,0.0000000000,183.1943748796,0.0000000000,444.8319090554,0: optimal
2017-12-06,Oracle,Small,475.0000000000,443.8503856621,31.1496143379,6.5578135448,223.8846037550,201.4961433795,425.3807471344,183.1943748796,0.0000000000,183.1943748796,0.0000000000,443.8503856621,0: optimal
2017-12-07,Oracle,Small,483.0000000000,447.8062680150,35.1937319850,7.2864869534,227.7081331667,204.9373198500,432.6454530168,183.1943748796,0.0000000000,183.1943748796,0.0000000000,447.8062680150,0: optimal
2017-12-08,Oracle,Small,483.0000000000,446.5529811114,36.4470188886,7.5459666436,242.2479666638,218.0231699974,460.2711366611,183.1943748796,0.0000000000,183.1943748796,0.0000000000,446.5529811114,0: optimal
2017-12-09,Oracle,Small,432.0000000000,416.2444444444,15.7555555556,3.6471193416,78.6666666667,70.8000000000,149.4666666667,183.1943748796,0.0000000000,183.1943748796,0.0000000000,416.2444444444,0: optimal
2017-12-10,Oracle,Small,429.0000000000,415.8421052632,13.1578947368,3.0671083303,92.1052631579,82.8947368421,175.0000000000,183.1943748796,0.0000000000,183.1943748796,0.0000000000,415.8421052632,0: optimal
2017-12-11,Oracle,Small,469.0000000000,443.0448607146,25.9551392854,5.5341448370,210.6625039651,189.5962535686,400.2587575337,183.1943748796,0.0000000000,183.1943748796,0.0000000000,443.0448607146,0: optimal
2017-12-12,Oracle,Small,468.0000000000,440.6812680150,27.3187319850,5.8373358942,200.2081331667,180.1873198500,380.3954530168,183.1943748796,0.0000000000,183.1943748796,0.0000000000,440.6812680150,0: optimal
2017-12-13,Oracle,Small,477.0000000000,443.8147019844,33.1852980156,6.9570855379,220.7418690445,198.6676821400,419.4095511845,183.1943748796,0.0000000000,183.1943748796,0.0000000000,443.8147019844,0: optimal
2017-12-14,Oracle,Small,471.0000000000,443.7106797797,27.2893202203,5.7939108748,194.3257802255,174.8932022030,369.2189824285,183.1943748796,0.0000000000,183.1943748796,0.0000000000,443.7106797797,0: optimal
2017-12-15,Oracle,Small,476.0000000000,441.0196477781,34.9803522219,7.3488134920,217.5812999971,195.8231699974,413.4044699945,183.1943748796,0.0000000000,183.1943748796,0.0000000000,441.0196477781,0: optimal
2017-12-16,Oracle,Small,425.0000000000,412.1504424779,12.8495575221,3.0234252993,76.1061946903,68.4955752212,144.6017699115,183.1943748796,0.0000000000,183.1943748796,0.0000000000,412.1504424779,0: optimal
2017-12-17,Oracle,Small,423.0000000000,411.3612334802,11.6387665198,2.7514814468,76.6960352423,69.0264317181,145.7224669604,183.1943748796,0.0000000000,183.1943748796,0.0000000000,411.3612334802,0: optimal
2017-12-18,Oracle,Small,462.0000000000,437.5415621326,24.4584378674,5.2940341704,190.6493096373,171.5843786736,362.2336883109,183.1943748796,0.0000000000,183.1943748796,0.0000000000,437.5415621326,0: optimal
2017-12-19,Oracle,Small,467.0000000000,442.9312680150,24.0687319850,5.1539040653,195.2081331667,175.6873198500,370.8954530168,183.1943748796,0.0000000000,183.1943748796,0.0000000000,442.9312680150,0: optimal
2017-12-20,Oracle,Small,461.0000000000,435.7743362832,25.2256637168,5.4719444071,195.8407079646,176.2566371681,372.0973451327,183.1943748796,0.0000000000,183.1943748796,0.0000000000,435.7743362832,0: optimal
2017-12-21,Oracle,Small,460.0000000000,432.8733755477,27.1266244523,5.8970922722,207.1031877499,186.3928689749,393.4960567249,183.1943748796,0.0000000000,183.1943748796,0.0000000000,432.8733755477,0: optimal
2017-12-22,Oracle,Small,444.0000000000,412.9288888889,31.0711111111,6.9979979980,172.9333333333,155.6400000000,328.5733333333,183.1943748796,0.0000000000,183.1943748796,0.0000000000,412.9288888889,0: optimal
2017-12-23,Oracle,Small,400.0000000000,391.1409691630,8.8590308370,2.2147577093,63.8325991189,57.4493392070,121.2819383260,183.1943748796,0.0000000000,183.1943748796,0.0000000000,391.1409691630,0: optimal
2017-12-24,Oracle,Small,395.0000000000,389.8333333333,5.1666666667,1.3080168776,30.0000000000,27.0000000000,57.0000000000,183.1943748796,0.0000000000,183.1943748796,0.0000000000,389.8333333333,0: optimal
2017-12-25,Oracle,Small,390.0000000000,385.8991228070,4.1008771930,1.0515069726,25.7894736842,23.2105263158,49.0000000000,183.1943748796,0.0000000000,183.1943748796,0.0000000000,385.8991228070,0: optimal
2017-12-26,Oracle,Small,400.0000000000,388.2522123894,11.7477876106,2.9369469027,80.5309734513,72.4778761062,153.0088495575,183.1943748796,0.0000000000,183.1943748796,0.0000000000,388.2522123894,0: optimal
2017-12-27,Oracle,Small,426.0000000000,404.3175972659,21.6824027341,5.0897659000,156.1182556386,140.5064300747,296.6246857133,183.1943748796,0.0000000000,183.1943748796,0.0000000000,404.3175972659,0: optimal
2017-12-28,Oracle,Small,427.0000000000,411.9956140351,15.0043859649,3.5139077201,128.9473684211,116.0526315789,245.0000000000,183.1943748796,0.0000000000,183.1943748796,0.0000000000,411.9956140351,0: optimal
2017-12-29,Oracle,Small,430.0000000000,410.1858407080,19.8141592920,4.6079440214,134.6017699115,121.1415929204,255.7433628319,183.1943748796,0.0000000000,183.1943748796,0.0000000000,410.1858407080,0: optimal
2017-12-30,Oracle,Small,411.0000000000,405.4513274336,5.5486725664,1.3500419870,38.3185840708,34.4867256637,72.8053097345,183.1943748796,0.0000000000,183.1943748796,0.0000000000,405.4513274336,0: optimal
2017-12-31,Oracle,Small,404.0000000000,400.2035398230,3.7964601770,0.9397178656,18.8495575221,16.9646017699,35.8141592920,183.1943748796,0.0000000000,183.1943748796,0.0000000000,400.2035398230,0: optimal
2017-12-02,Persistence,Large,426.0000000000,450.1453744493,-24.1453744493,-5.6679282745,284.8898678414,256.4008810573,541.2907488987,732.7774995184,0.0000000000,732.7774995184,0.0000000000,441.1453744493,0: optimal
2017-12-03,Persistence,Large,432.0000000000,427.0176211454,4.9823788546,1.1533284386,64.2290748899,57.8061674009,122.0352422907,732.7774995184,0.0000000000,732.7774995184,0.0000000000,416.0176211454,0: optimal
2017-12-04,Persistence,Large,465.0000000000,459.8201754386,5.1798245614,1.1139407659,86.8421052632,78.1578947368,165.0000000000,732.7774995184,0.0000000000,732.7774995184,0.0000000000,417.8201754386,0: optimal
2017-12-05,Persistence,Large,471.0000000000,454.9868995633,16.0131004367,3.3998090099,276.8558951965,249.1703056769,526.0262008734,732.7774995184,0.0000000000,732.7774995184,0.0000000000,432.9868995633,0: optimal
2017-12-06,Persistence,Large,475.0000000000,453.9559471366,21.0440528634,4.4303269186,249.4273127753,224.4845814978,473.9118942731,732.7774995184,0.0000000000,732.7774995184,0.0000000000,440.9559471366,0: optimal
2017-12-07,Persistence,Large,483.0000000000,449.4247787611,33.5752212389,6.9513915609,261.9469026549,235.7522123894,497.6991150442,732.7774995184,0.0000000000,732.7774995184,0.0000000000,440.4247787611,0: optimal
2017-12-08,Persistence,Large,483.0000000000,448.6150442478,34.3849557522,7.1190384580,307.6106194690,276.8495575221,584.4601769911,732.7774995184,0.0000000000,732.7774995184,0.0000000000,440.6150442478,0: optimal
2017-12-09,Persistence,Large,432.0000000000,441.4493392070,-9.4493392070,-2.1873470387,297.8414096916,268.0572687225,565.8986784141,732.7774995184,0.0000000000,732.7774995184,0.0000000000,441.4493392070,0: optimal
2017-12-10,Persistence,Large,429.0000000000,424.2444444444,4.7555555556,1.1085211085,78.6666666667,70.8000000000,149.4666666667,732.7774995184,0.0000000000,732.7774995184,0.0000000000,416.2444444444,0: optimal
2017-12-11,Persistence,Large,469.0000000000,466.8421052632,2.1578947368,0.4601054876,92.1052631579,82.8947368421,175.0000000000,732.7774995184,0.0000000000,732.7774995184,0.0000000000,415.8421052632,0: optimal
2017-12-12,Persistence,Large,468.0000000000,442.5198237885,25.4801762115,5.4444820965,284.7577092511,256.2819383260,541.0396475771,732.7774995184,0.0000000000,732.7774995184,0.0000000000,436.5198237885,0: optimal
2017-12-13,Persistence,Large,477.0000000000,450.0486725664,26.9513274336,5.6501734662,251.6814159292,226.5132743363,478.1946902655,732.7774995184,0.0000000000,732.7774995184,0.0000000000,436.0486725664,0: optimal
2017-12-14,Persistence,Large,471.0000000000,449.0929203540,21.9070796460,4.6511846382,292.3008849558,263.0707964602,555.3716814159,732.7774995184,0.0000000000,732.7774995184,0.0000000000,437.0929203540,0: optimal
2017-12-15,Persistence,Large,476.0000000000,443.8728070175,32.1271929825,6.7494102904,279.4736842105,251.5263157895,531.0000000000,732.7774995184,0.0000000000,732.7774995184,0.0000000000,436.8728070175,0: optimal
2017-12-16,Persistence,Large,425.0000000000,435.1725663717,-10.1725663717,-2.3935450286,271.4159292035,244.2743362832,515.6902654867,732.7774995184,0.0000000000,732.7774995184,0.0000000000,436.1725663717,0: optimal
2017-12-17,Persistence,Large,423.0000000000,416.1504424779,6.8495575221,1.6192807381,76.1061946903,68.4955752212,144.6017699115,732.7774995184,0.0000000000,732.7774995184,0.0000000000,412.1504424779,0: optimal
2017-12-18,Persistence,Large,462.0000000000,457.3612334802,4.6387665198,1.0040620173,76.6960352423,69.0264317181,145.7224669604,732.7774995184,0.0000000000,732.7774995184,0.0000000000,411.3612334802,0: optimal
2017-12-19,Persistence,Large,467.0000000000,449.0660792952,17.9339207048,3.8402399796,265.8590308370,239.2731277533,505.1321585903,732.7774995184,0.0000000000,732.7774995184,0.0000000000,431.0660792952,0: optimal
2017-12-20,Persistence,Large,461.0000000000,449.9911894273,11.0088105727,2.3880283238,227.8854625551,205.0969162996,432.9823788546,732.7774995184,0.0000000000,732.7774995184,0.0000000000,439.9911894273,0: optimal
2017-12-21,Persistence,Large,460.0000000000,438.7743362832,21.2256637168,4.6142747210,195.8407079646,176.2566371681,372.0973451327,732.7774995184,0.0000000000,732.7774995184,0.0000000000,435.7743362832,0: optimal
2017-12-22,Persistence,Large,444.0000000000,442.0396475771,1.9603524229,0.4415208160,229.5154185022,206.5638766520,436.0792951542,732.7774995184,0.0000000000,732.7774995184,0.0000000000,431.0396475771,0: optimal
2017-12-23,Persistence,Large,400.0000000000,415.9288888889,-15.9288888889,-3.9822222222,172.9333333333,155.6400000000,328.5733333333,732.7774995184,0.0000000000,732.7774995184,0.0000000000,412.9288888889,0: optimal
2017-12-24,Persistence,Large,395.0000000000,397.1409691630,-2.1409691630,-0.5420175096,63.8325991189,57.4493392070,121.2819383260,732.7774995184,0.0000000000,732.7774995184,0.0000000000,391.1409691630,0: optimal
2017-12-25,Persistence,Large,390.0000000000,389.8333333333,0.1666666667,0.0427350427,30.0000000000,27.0000000000,57.0000000000,732.7774995184,0.0000000000,732.7774995184,0.0000000000,389.8333333333,0: optimal
2017-12-26,Persistence,Large,400.0000000000,395.8991228070,4.1008771930,1.0252192982,25.7894736842,23.2105263158,49.0000000000,732.7774995184,0.0000000000,732.7774995184,0.0000000000,385.8991228070,0: optimal
2017-12-27,Persistence,Large,426.0000000000,417.2522123894,8.7477876106,2.0534712701,80.5309734513,72.4778761062,153.0088495575,732.7774995184,0.0000000000,732.7774995184,0.0000000000,388.2522123894,0: optimal
2017-12-28,Persistence,Large,427.0000000000,431.8165938865,-4.8165938865,-1.1280079359,175.9825327511,158.3842794760,334.3668122271,732.7774995184,0.0000000000,732.7774995184,0.0000000000,402.8165938865,0: optimal
2017-12-29,Persistence,Large,430.0000000000,415.9956140351,14.0043859649,3.2568339453,128.9473684211,116.0526315789,245.0000000000,732.7774995184,0.0000000000,732.7774995184,0.0000000000,411.9956140351,0: optimal
2017-12-30,Persistence,Large,411.0000000000,418.1858407080,-7.1858407080,-1.7483797343,134.6017699115,121.1415929204,255.7433628319,732.7774995184,0.0000000000,732.7774995184,0.0000000000,410.1858407080,0: optimal
2017-12-31,Persistence,Large,404.0000000000,405.4513274336,-1.4513274336,-0.3592394638,38.3185840708,34.4867256637,72.8053097345,732.7774995184,0.0000000000,732.7774995184,0.0000000000,405.4513274336,0: optimal
2017-12-02,LightGBM,Large,426.0000000000,424.0461410624,1.9538589376,0.4586523328,96.9344939422,87.2410445480,184.1755384902,732.7774995184,0.0000000000,732.7774995184,0.0000000000,420.5857558977,0: optimal
2017-12-03,LightGBM,Large,432.0000000000,425.3015738768,6.6984261232,1.5505616026,55.6679371995,50.1011434796,105.7690806791,732.7774995184,0.0000000000,732.7774995184,0.0000000000,415.5958188686,0: optimal
2017-12-04,LightGBM,Large,465.0000000000,445.0430826662,19.9569173338,4.2918101793,267.6249596685,240.8624637017,508.4874233702,732.7774995184,0.0000000000,732.7774995184,0.0000000000,437.7980161072,0: optimal
2017-12-05,LightGBM,Large,471.0000000000,451.9984577965,19.0015422035,4.0342977077,250.4676437513,225.4208793762,475.8885231275,732.7774995184,0.0000000000,732.7774995184,0.0000000000,442.0353232337,0: optimal
2017-12-06,LightGBM,Large,475.0000000000,452.5348902399,22.4651097601,4.7294967916,244.2167078225,219.7950370403,464.0117448628,732.7774995184,0.0000000000,732.7774995184,0.0000000000,441.5136010470,0: optimal
2017-12-07,LightGBM,Large,483.0000000000,450.9629696558,32.0370303442,6.6329255371,241.3205001427,217.1884501285,458.5089502712,732.7774995184,0.0000000000,732.7774995184,0.0000000000,437.1560883192,0: optimal
2017-12-08,LightGBM,Large,483.0000000000,452.9082453009,30.0917546991,6.2301769563,265.0580349609,238.5522314648,503.6102664258,732.7774995184,0.0000000000,732.7774995184,0.0000000000,435.2016895267,0: optimal
2017-12-09,LightGBM,Large,432.0000000000,422.4894676472,9.5105323528,2.2015121187,72.7328792877,65.4595913590,138.1924706467,732.7774995184,0.0000000000,732.7774995184,0.0000000000,420.3635324159,0: optimal
2017-12-10,LightGBM,Large,429.0000000000,423.2759457204,5.7240542796,1.3342783869,53.9532111973,48.5578900776,102.5111012749,732.7774995184,0.0000000000,732.7774995184,0.0000000000,416.5323978959,0: optimal
2017-12-11,LightGBM,Large,469.0000000000,443.6954082187,25.3045917813,5.3954353478,270.2524263573,243.2271837216,513.4796100788,732.7774995184,0.0000000000,732.7774995184,0.0000000000,440.8234025075,0: optimal
2017-12-12,LightGBM,Large,468.0000000000,441.3275948663,26.6724051337,5.6992318662,257.1376361068,231.4238724961,488.5615086029,732.7774995184,0.0000000000,732.7774995184,0.0000000000,439.7044465803,0: optimal
2017-12-13,LightGBM,Large,477.0000000000,453.8018392081,23.1981607919,4.8633460780,218.7709225529,196.8938302976,415.6647528505,732.7774995184,0.0000000000,732.7774995184,0.0000000000,435.0157979470,0: optimal
2017-12-14,LightGBM,Large,471.0000000000,447.2633634602,23.7366365398,5.0396255923,243.7819610084,219.4037649076,463.1857259160,732.7774995184,0.0000000000,732.7774995184,0.0000000000,433.6047231978,0: optimal
2017-12-15,LightGBM,Large,476.0000000000,448.8878085679,27.1121914321,5.6958385362,231.9589174557,208.7630257101,440.7219431658,732.7774995184,0.0000000000,732.7774995184,0.0000000000,431.0045049466,0: optimal
2017-12-16,LightGBM,Large,425.0000000000,417.8966056347,7.1033943653,1.6713869095,72.9966507750,65.6969856975,138.6936364725,732.7774995184,0.0000000000,732.7774995184,0.0000000000,417.7584294971,0: optimal
2017-12-17,LightGBM,Large,423.0000000000,419.0217628944,3.9782371056,0.9404815852,33.0551067644,29.7495960879,62.8047028523,732.7774995184,0.0000000000,732.7774995184,0.0000000000,415.9733585738,0: optimal
2017-12-18,LightGBM,Large,462.0000000000,439.8755211761,22.1244788239,4.7888482303,232.1271957865,208.9144762078,441.0416719943,732.7774995184,0.0000000000,732.7774995184,0.0000000000,437.4244774707,0: optimal
2017-12-19,LightGBM,Large,467.0000000000,447.8937642808,19.1062357192,4.0912710319,218.7340738288,196.8606664459,415.5947402748,732.7774995184,0.0000000000,732.7774995184,0.0000000000,436.5154727699,0: optimal
2017-12-20,LightGBM,Large,461.0000000000,443.2903337975,17.7096662025,3.8415761828,218.5761256727,196.7185131055,415.2946387782,732.7774995184,0.0000000000,732.7774995184,0.0000000000,437.6879586779,0: optimal
2017-12-21,LightGBM,Large,460.0000000000,440.3782836114,19.6217163886,4.2655905193,186.2009807850,167.5808827065,353.7818634915,732.7774995184,0.0000000000,732.7774995184,0.0000000000,431.8347205050,0: optimal
2017-12-22,LightGBM,Large,444.0000000000,441.5190078506,2.4809921494,0.5587820156,204.5510832570,184.0959749313,388.6470581883,732.7774995184,0.0000000000,732.7774995184,0.0000000000,427.0870023712,0: optimal
2017-12-23,LightGBM,Large,400.0000000000,403.6673386034,-3.6673386034,-0.9168346509,62.0350924022,55.8315831620,117.8666755641,732.7774995184,0.0000000000,732.7774995184,0.0000000000,418.0968498510,0: optimal
2017-12-24,LightGBM,Large,395.0000000000,396.8207553075,-1.8207553075,-0.4609507108,40.5657076969,36.5091369273,77.0748446242,732.7774995184,0.0000000000,732.7774995184,0.0000000000,421.2463807966,0: optimal
2017-12-25,LightGBM,Large,390.0000000000,409.6520917541,-19.6520917541,-5.0389978857,185.8184196230,167.2365776607,353.0549972837,732.7774995184,0.0000000000,732.7774995184,0.0000000000,436.3266104109,0: optimal
2017-12-26,LightGBM,Large,400.0000000000,401.3937365546,-1.3937365546,-0.3484341387,113.4129397689,102.0716457920,215.4845855608,732.7774995184,0.0000000000,732.7774995184,0.0000000000,427.9412397613,0: optimal
2017-12-27,LightGBM,Large,426.0000000000,423.1545647447,2.8454352553,0.6679425482,32.9486190797,29.6537571717,62.6023762514,732.7774995184,0.0000000000,732.7774995184,0.0000000000,427.7543354651,0: optimal
2017-12-28,LightGBM,Large,427.0000000000,425.6316674442,1.3683325558,0.3204525892,84.7055770063,76.2350193056,160.9405963119,732.7774995184,0.0000000000,732.7774995184,0.0000000000,426.2672983806,0: optimal
2017-12-29,LightGBM,Large,430.0000000000,422.2276818282,7.7723181718,1.8075158539,65.7001302465,59.1301172218,124.8302474683,732.7774995184,0.0000000000,732.7774995184,0.0000000000,422.6868476547,0: optimal
2017-12-30,LightGBM,Large,411.0000000000,413.0309968208,-2.0309968208,-0.4941598104,44.5525819078,40.0973237171,84.6499056249,732.7774995184,0.0000000000,732.7774995184,0.0000000000,417.3664571087,0: optimal
2017-12-31,LightGBM,Large,404.0000000000,409.9837735795,-5.9837735795,-1.4811320741,45.9209487540,41.3288538786,87.2498026327,732.7774995184,0.0000000000,732.7774995184,0.0000000000,415.1550552734,0: optimal
2017-12-02,Oracle,Large,426.0000000000,416.0176211454,9.9823788546,2.3432814213,64.2290748899,57.8061674009,122.0352422907,732.7774995184,0.0000000000,732.7774995184,0.0000000000,416.0176211454,0: optimal
2017-12-03,Oracle,Large,432.0000000000,417.8201754386,14.1798245614,3.2823667966,86.8421052632,78.1578947368,165.0000000000,732.7774995184,0.0000000000,732.7774995184,0.0000000000,417.8201754386,0: optimal
2017-12-04,Oracle,Large,465.0000000000,432.9868995633,32.0131004367,6.8845377283,276.8558951965,249.1703056769,526.0262008734,732.7774995184,0.0000000000,732.7774995184,0.0000000000,432.9868995633,0: optimal
2017-12-05,Oracle,Large,471.0000000000,440.9559471366,30.0440528634,6.3787798012,249.4273127753,224.4845814978,473.9118942731,732.7774995184,0.0000000000,732.7774995184,0.0000000000,440.9559471366,0: optimal
2017-12-06,Oracle,Large,475.0000000000,440.4247787611,34.5752212389,7.2789939450,261.9469026549,235.7522123894,497.6991150442,732.7774995184,0.0000000000,732.7774995184,0.0000000000,440.4247787611,0: optimal
2017-12-07,Oracle,Large,483.0000000000,440.6150442478,42.3849557522,8.7753531578,307.6106194690,276.8495575221,584.4601769911,732.7774995184,0.0000000000,732.7774995184,0.0000000000,440.6150442478,0: optimal
2017-12-08,Oracle,Large,483.0000000000,441.4493392070,41.5506607930,8.6026212822,297.8414096916,268.0572687225,565.8986784141,732.7774995184,0.0000000000,732.7774995184,0.0000000000,441.4493392070,0: optimal
2017-12-09,Oracle,Large,432.0000000000,416.2444444444,15.7555555556,3.6471193416,78.6666666667,70.8000000000,149.4666666667,732.7774995184,0.0000000000,732.7774995184,0.0000000000,416.2444444444,0: optimal
2017-12-10,Oracle,Large,429.0000000000,415.8421052632,13.1578947368,3.0671083303,92.1052631579,82.8947368421,175.0000000000,732.7774995184,0.0000000000,732.7774995184,0.0000000000,415.8421052632,0: optimal
2017-12-11,Oracle,Large,469.0000000000,436.5198237885,32.4801762115,6.9254107061,284.7577092511,256.2819383260,541.0396475771,732.7774995184,0.0000000000,732.7774995184,0.0000000000,436.5198237885,0: optimal
2017-12-12,Oracle,Large,468.0000000000,436.0486725664,31.9513274336,6.8272067166,251.6814159292,226.5132743363,478.1946902655,732.7774995184,0.0000000000,732.7774995184,0.0000000000,436.0486725664,0: optimal
2017-12-13,Oracle,Large,477.0000000000,437.0929203540,39.9070796460,8.3662640767,292.3008849558,263.0707964602,555.3716814159,732.7774995184,0.0000000000,732.7774995184,0.0000000000,437.0929203540,0: optimal
2017-12-14,Oracle,Large,471.0000000000,436.8728070175,34.1271929825,7.2456885313,279.4736842105,251.5263157895,531.0000000000,732.7774995184,0.0000000000,732.7774995184,0.0000000000,436.8728070175,0: optimal
2017-12-15,Oracle,Large,476.0000000000,436.1725663717,39.8274336283,8.3671079051,271.4159292035,244.2743362832,515.6902654867,732.7774995184,0.0000000000,732.7774995184,0.0000000000,436.1725663717,0: optimal
2017-12-16,Oracle,Large,425.0000000000,412.1504424779,12.8495575221,3.0234252993,76.1061946903,68.4955752212,144.6017699115,732.7774995184,0.0000000000,732.7774995184,0.0000000000,412.1504424779,0: optimal
2017-12-17,Oracle,Large,423.0000000000,411.3612334802,11.6387665198,2.7514814468,76.6960352423,69.0264317181,145.7224669604,732.7774995184,0.0000000000,732.7774995184,0.0000000000,411.3612334802,0: optimal
2017-12-18,Oracle,Large,462.0000000000,431.0660792952,30.9339207048,6.6956538322,265.8590308370,239.2731277533,505.1321585903,732.7774995184,0.0000000000,732.7774995184,0.0000000000,431.0660792952,0: optimal
2017-12-19,Oracle,Large,467.0000000000,439.9911894273,27.0088105727,5.7834712147,227.8854625551,205.0969162996,432.9823788546,732.7774995184,0.0000000000,732.7774995184,0.0000000000,439.9911894273,0: optimal
2017-12-20,Oracle,Large,461.0000000000,435.7743362832,25.2256637168,5.4719444071,195.8407079646,176.2566371681,372.0973451327,732.7774995184,0.0000000000,732.7774995184,0.0000000000,435.7743362832,0: optimal
2017-12-21,Oracle,Large,460.0000000000,431.0396475771,28.9603524229,6.2957287876,229.5154185022,206.5638766520,436.0792951542,732.7774995184,0.0000000000,732.7774995184,0.0000000000,431.0396475771,0: optimal
2017-12-22,Oracle,Large,444.0000000000,412.9288888889,31.0711111111,6.9979979980,172.9333333333,155.6400000000,328.5733333333,732.7774995184,0.0000000000,732.7774995184,0.0000000000,412.9288888889,0: optimal
2017-12-23,Oracle,Large,400.0000000000,391.1409691630,8.8590308370,2.2147577093,63.8325991189,57.4493392070,121.2819383260,732.7774995184,0.0000000000,732.7774995184,0.0000000000,391.1409691630,0: optimal
2017-12-24,Oracle,Large,395.0000000000,389.8333333333,5.1666666667,1.3080168776,30.0000000000,27.0000000000,57.0000000000,732.7774995184,0.0000000000,732.7774995184,0.0000000000,389.8333333333,0: optimal
2017-12-25,Oracle,Large,390.0000000000,385.8991228070,4.1008771930,1.0515069726,25.7894736842,23.2105263158,49.0000000000,732.7774995184,0.0000000000,732.7774995184,0.0000000000,385.8991228070,0: optimal
2017-12-26,Oracle,Large,400.0000000000,388.2522123894,11.7477876106,2.9369469027,80.5309734513,72.4778761062,153.0088495575,732.7774995184,0.0000000000,732.7774995184,0.0000000000,388.2522123894,0: optimal
2017-12-27,Oracle,Large,426.0000000000,402.8165938865,23.1834061135,5.4421141112,175.9825327511,158.3842794760,334.3668122271,732.7774995184,0.0000000000,732.7774995184,0.0000000000,402.8165938865,0: optimal
2017-12-28,Oracle,Large,427.0000000000,411.9956140351,15.0043859649,3.5139077201,128.9473684211,116.0526315789,245.0000000000,732.7774995184,0.0000000000,732.7774995184,0.0000000000,411.9956140351,0: optimal
2017-12-29,Oracle,Large,430.0000000000,410.1858407080,19.8141592920,4.6079440214,134.6017699115,121.1415929204,255.7433628319,732.7774995184,0.0000000000,732.7774995184,0.0000000000,410.1858407080,0: optimal
2017-12-30,Oracle,Large,411.0000000000,405.4513274336,5.5486725664,1.3500419870,38.3185840708,34.4867256637,72.8053097345,732.7774995184,0.0000000000,732.7774995184,0.0000000000,405.4513274336,0: optimal
2017-12-31,Oracle,Large,404.0000000000,400.2035398230,3.7964601770,0.9397178656,18.8495575221,16.9646017699,35.8141592920,732.7774995184,0.0000000000,732.7774995184,0.0000000000,400.2035398230,0: optimal
