row_scope,building,model_a,model_b,mean_daily_peak_difference_a_minus_b,median_daily_peak_difference_a_minus_b,mean_normalized_daily_peak_difference,daily_a_better,daily_equal,daily_a_worse,normalized_MAE_difference_a_minus_b,normalized_regret_difference_a_minus_b,across_building_a_better,across_building_equal,across_building_a_worse,median_normalized_improvement_a_vs_b,mean_normalized_improvement_a_vs_b
building,Hog_office_Alexis,DayWeek,LightGBM,0.5222186728701921,0.4138965502016436,0.026979110452460653,11,0,19,0.020285709146464645,0.026979110452460698,,,,,
building,Hog_office_Alexis,DayWeek,XGBoost,0.5332984500371142,0.5677179695948258,0.02755151919137479,12,0,18,0.014718361875733374,0.027551519191374833,,,,,
building,Hog_office_Alexis,DayWeek,CatBoost,0.5918239541810926,0.22701885226059026,0.030575091734095457,14,0,16,0.007301619999093956,0.030575091734095502,,,,,
building,Hog_office_Alexis,LightGBM,XGBoost,0.011079777166922137,0.03539102569834185,0.0005724087389141427,14,0,16,-0.005567347270731271,0.0005724087389141351,,,,,
building,Hog_office_Alexis,LightGBM,CatBoost,0.06960528131090046,-0.017982122880086493,0.003595981281634802,15,0,15,-0.01298408914737069,0.0035959812816348034,,,,,
building,Hog_office_Alexis,XGBoost,CatBoost,0.05852550414397832,-0.014513242900951795,0.003023572542720659,16,0,14,-0.007416741876639418,0.0030235725427206683,,,,,
building,Hog_office_Byron,DayWeek,LightGBM,11.631994176587826,5.886444197668595,0.012206848702346106,12,0,18,0.010449748189938234,0.012206848702346089,,,,,
building,Hog_office_Byron,DayWeek,XGBoost,11.226044979700044,8.557181939552834,0.011780837448212062,9,0,21,0.011555341072579564,0.01178083744821206,,,,,
building,Hog_office_Byron,DayWeek,CatBoost,9.126926218336557,5.405263846614616,0.00957797998978985,13,0,17,0.01292951286738694,0.00957797998978985,,,,,
building,Hog_office_Byron,LightGBM,XGBoost,-0.4059491968877827,-0.10949768160270423,-0.0004260112541340438,16,0,14,0.0011055928826413305,-0.0004260112541340284,,,,,
building,Hog_office_Byron,LightGBM,CatBoost,-2.5050679582512694,-1.9573476125417528,-0.002628868712556257,18,0,12,0.002479764677448707,-0.0026288687125562396,,,,,
building,Hog_office_Byron,XGBoost,CatBoost,-2.0991187613634867,0.43270272471556837,-0.0022028574584222133,15,0,15,0.0013741717948073766,-0.0022028574584222116,,,,,
building,Hog_office_Joey,DayWeek,LightGBM,-1.6639269760793658,-8.92433391986242,-0.0013973952074643743,20,0,10,-0.001821318140086882,-0.001397395207464375,,,,,
building,Hog_office_Joey,DayWeek,XGBoost,-6.93581136486157,-17.025239924570883,-0.005824816653896359,22,0,8,-0.0030278174213980782,-0.0058248166538963425,,,,,
building,Hog_office_Joey,DayWeek,CatBoost,2.6922436353749957,-5.020784354240391,0.0022609936658783024,16,0,14,-0.003494942073400238,0.002260993665878312,,,,,
building,Hog_office_Joey,LightGBM,XGBoost,-5.271884388782204,-4.606486984804633,-0.004427421446431984,19,0,11,-0.0012064992813111963,-0.004427421446431967,,,,,
building,Hog_office_Joey,LightGBM,CatBoost,4.3561706114543615,3.2788031898854797,0.0036583888733426762,12,0,18,-0.0016736239333133562,0.0036583888733426866,,,,,
building,Hog_office_Joey,XGBoost,CatBoost,9.628055000236566,11.697416194210518,0.008085810319774662,6,0,24,-0.0004671246520021599,0.008085810319774654,,,,,
building,Hog_office_Lavon,DayWeek,LightGBM,-1.9712724556018815,-1.6024115510135841,-0.006626057611130389,23,0,7,-0.03481479289694007,-0.006626057611130388,,,,,
building,Hog_office_Lavon,DayWeek,XGBoost,-3.62489020113837,-2.974579840969769,-0.012184379302064216,30,0,0,-0.03563388227638372,-0.012184379302064216,,,,,
building,Hog_office_Lavon,DayWeek,CatBoost,-11.81915929994121,-7.148091123755437,-0.039727857107721073,30,0,0,-0.040180565121422325,-0.039727857107721073,,,,,
building,Hog_office_Lavon,LightGBM,XGBoost,-1.6536177455364887,-1.6261374197365726,-0.005558321690933826,24,0,6,-0.0008190893794436521,-0.005558321690933828,,,,,
building,Hog_office_Lavon,LightGBM,CatBoost,-9.84788684433933,-5.4785183456655435,-0.033101799496590686,28,0,2,-0.005365772224482257,-0.033101799496590686,,,,,
building,Hog_office_Lavon,XGBoost,CatBoost,-8.19426909880284,-3.4092265118865193,-0.027543477805656857,26,0,4,-0.004546682845038605,-0.02754347780565686,,,,,
building,Hog_office_Rolando,DayWeek,LightGBM,0.3012586333358797,-0.02371965819588695,0.0009866852086496947,15,0,15,-0.00890046168560581,0.0009866852086496912,,,,,
building,Hog_office_Rolando,DayWeek,XGBoost,0.3595415463763686,-0.2697118356673798,0.0011775739728231388,15,0,15,0.0019237158085775828,0.0011775739728231377,,,,,
building,Hog_office_Rolando,DayWeek,CatBoost,-0.029173775324852613,0.4852831329285152,-9.555023295019775e-05,13,0,17,-0.0017803137603913353,-9.555023295020008e-05,,,,,
building,Hog_office_Rolando,LightGBM,XGBoost,0.058282913040488896,0.19770019572635533,0.00019088876417344407,11,0,19,0.010824177494183393,0.0001908887641734464,,,,,
building,Hog_office_Rolando,LightGBM,CatBoost,-0.3304324086607323,0.10648037576504521,-0.0010822354415998925,12,0,18,0.007120147925214475,-0.0010822354415998914,,,,,
building,Hog_office_Rolando,XGBoost,CatBoost,-0.38871532170122125,-0.6952269921794993,-0.0012731242057733366,17,0,13,-0.003704029568968918,-0.0012731242057733376,,,,,
building,Lamb_office_Caitlin,DayWeek,LightGBM,0.4166069091884725,0.489133192227996,0.019382202374682553,13,1,16,0.12872097050759296,0.019382202374682526,,,,,
building,Lamb_office_Caitlin,DayWeek,XGBoost,-0.33110746751323533,0.13196841219581046,-0.015404429935190646,14,1,15,0.14022287075153678,-0.015404429935190696,,,,,
building,Lamb_office_Caitlin,DayWeek,CatBoost,0.13008224935475454,-0.6767235072968454,0.006051941114608705,17,0,13,0.0019558846344431835,0.0060519411146087,,,,,
building,Lamb_office_Caitlin,LightGBM,XGBoost,-0.7477143767017078,-0.28132765577074803,-0.0347866323098732,18,0,12,0.011501900243943819,-0.03478663230987322,,,,,
building,Lamb_office_Caitlin,LightGBM,CatBoost,-0.28652465983371794,-0.0896360824219613,-0.013330261260073849,16,0,14,-0.12676508587314977,-0.013330261260073827,,,,,
building,Lamb_office_Caitlin,XGBoost,CatBoost,0.46118971686798993,0.10841236636582607,0.021456371049799354,12,1,17,-0.1382669861170936,0.021456371049799396,,,,,
building,Lamb_office_Gerardo,DayWeek,LightGBM,0.899246304655712,0.0,0.10523941030215374,14,3,13,0.18516030708912345,0.10523941030215368,,,,,
building,Lamb_office_Gerardo,DayWeek,XGBoost,1.0816151948824484,0.0489600372314456,0.12658216630298935,12,3,15,0.16250275558772898,0.12658216630298932,,,,,
building,Lamb_office_Gerardo,DayWeek,CatBoost,1.082303153892056,0.6148508002986013,0.1266626786165883,11,1,18,0.11232815672519414,0.12666267861658823,,,,,
building,Lamb_office_Gerardo,LightGBM,XGBoost,0.18236889022673672,0.0,0.02134275600083565,13,3,14,-0.02265755150139448,0.021342756000835638,,,,,
building,Lamb_office_Gerardo,LightGBM,CatBoost,0.1830568492363441,-0.06628301551241123,0.021423268314434595,16,1,13,-0.07283215036392932,0.021423268314434536,,,,,
building,Lamb_office_Gerardo,XGBoost,CatBoost,0.0006879590096074158,0.0,8.05123135989506e-05,14,2,14,-0.050174598862534836,8.051231359889516e-05,,,,,
building,Robin_office_Addie,DayWeek,LightGBM,1.2215023795444775,0.9395960969550039,0.05836427899375565,4,0,26,-0.00996426699606659,0.058364278993755646,,,,,
building,Robin_office_Addie,DayWeek,XGBoost,1.4691627715734437,1.1693524187930677,0.0701976740473714,5,0,25,-0.022686779557709563,0.0701976740473714,,,,,
building,Robin_office_Addie,DayWeek,CatBoost,1.2331500491309408,1.187645424405952,0.0589208131837463,5,0,25,-0.010074237071056952,0.0589208131837463,,,,,
building,Robin_office_Addie,LightGBM,XGBoost,0.24766039202896628,0.11269778502012073,0.011833395053615749,8,0,22,-0.012722512561642974,0.011833395053615754,,,,,
building,Robin_office_Addie,LightGBM,CatBoost,0.011647669586463572,-0.031094246330555464,0.0005565341899906542,16,0,14,-0.00010997007499036204,0.0005565341899906542,,,,,
building,Robin_office_Addie,XGBoost,CatBoost,-0.2360127224425027,-0.19184432740016444,-0.011276860863625095,20,0,10,0.012612542486652611,-0.0112768608636251,,,,,
across_building,__all__,DayWeek,LightGBM,1.4197034555626642,0.2069482751008218,0.026891885401931707,112,4,124,0.03613948690180249,0.026891885401931694,2.0,0.0,6.0,-0.01579452553851433,-0.026891885401931707
across_building,__all__,DayWeek,XGBoost,0.47223173863203033,0.09046422471362803,0.02548451813395244,119,4,117,0.03369682073008311,0.025484518133952437,3.0,0.0,5.0,-0.0064792057105176005,-0.02548451813395244
across_building,__all__,DayWeek,CatBoost,0.37602452312554163,0.35615099259455274,0.024278261370504456,119,1,120,0.009873139524980921,0.02427826137050445,2.0,0.0,6.0,-0.007814960552199277,-0.024278261370504456
across_building,__all__,LightGBM,XGBoost,-0.9474717169306337,-0.05474884080135212,-0.0014073672679792589,123,3,114,-0.0024426661717193788,-0.0014073672679792593,4.0,0.0,4.0,0.00011756124498029986,0.0014073672679792589
across_building,__all__,LightGBM,CatBoost,-1.0436789324371225,-0.048688630921483345,-0.0026136240314272455,133,1,106,-0.02626634737682157,-0.0026136240314272455,4.0,0.0,4.0,0.00026285062580461914,0.0026136240314272455
across_building,__all__,XGBoost,CatBoost,-0.09620721550648859,-0.0072566214504758975,-0.0012062567634479843,126,3,111,-0.023823681205102195,-0.001206256763447987,4.0,0.0,4.0,0.000596305946087193,0.0012062567634479843
