timestamp,target_timestamp,actual,yesterday_pred,last_week_pred,model_pred,error,absolute_error
2017-12-01 00:00:00,2017-12-02 00:00:00,418.0,409.0,413.0,411.3651893447794,-6.634810655220576,6.634810655220576
2017-12-01 01:00:00,2017-12-02 01:00:00,414.0,417.0,416.0,411.78677618314305,-2.213223816856953,2.213223816856953
2017-12-01 02:00:00,2017-12-02 02:00:00,412.0,416.0,414.0,409.86360225297807,-2.136397747021931,2.136397747021931
2017-12-01 03:00:00,2017-12-02 03:00:00,411.0,412.0,414.0,405.4480844627408,-5.5519155372592195,5.5519155372592195
2017-12-01 04:00:00,2017-12-02 04:00:00,411.0,413.0,411.0,405.78554426375905,-5.21445573624095,5.21445573624095
2017-12-01 05:00:00,2017-12-02 05:00:00,409.0,412.0,411.0,406.8048564553413,-2.1951435446587197,2.1951435446587197
2017-12-01 06:00:00,2017-12-02 06:00:00,412.0,410.0,411.0,408.38971006948907,-3.6102899305109304,3.6102899305109304
2017-12-01 07:00:00,2017-12-02 07:00:00,410.0,416.0,412.0,410.23030256583974,0.23030256583973596,0.23030256583973596
2017-12-01 08:00:00,2017-12-02 08:00:00,409.0,423.0,410.0,410.3455464898295,1.3455464898294736,1.3455464898294736
2017-12-01 09:00:00,2017-12-02 09:00:00,408.0,434.0,412.0,414.79085552175286,6.79085552175286,6.79085552175286
2017-12-01 10:00:00,2017-12-02 10:00:00,417.0,456.0,412.0,419.2550062144265,2.255006214426487,2.255006214426487
2017-12-01 11:00:00,2017-12-02 11:00:00,421.0,473.0,418.0,426.5694120287234,5.569412028723377,5.569412028723377
2017-12-01 12:00:00,2017-12-02 12:00:00,418.0,470.0,426.0,427.81863008392173,9.818630083921732,9.818630083921732
2017-12-01 13:00:00,2017-12-02 13:00:00,420.0,465.0,425.0,432.09573498055,12.095734980549992,12.095734980549992
2017-12-01 14:00:00,2017-12-02 14:00:00,425.0,475.0,423.0,433.212860782696,8.212860782695998,8.212860782695998
2017-12-01 15:00:00,2017-12-02 15:00:00,424.0,472.0,423.0,433.5170159766475,9.517015976647485,9.517015976647485
2017-12-01 16:00:00,2017-12-02 16:00:00,426.0,477.0,426.0,433.30953987054687,7.309539870546871,7.309539870546871
2017-12-01 17:00:00,2017-12-02 17:00:00,423.0,470.0,428.0,434.8890824617462,11.889082461746227,11.889082461746227
2017-12-01 18:00:00,2017-12-02 18:00:00,423.0,458.0,426.0,430.348765238693,7.348765238692977,7.348765238692977
2017-12-01 19:00:00,2017-12-02 19:00:00,419.0,449.0,426.0,426.64859715038017,7.648597150380169,7.648597150380169
2017-12-01 20:00:00,2017-12-02 20:00:00,416.0,444.0,427.0,424.9017261215471,8.901726121547085,8.901726121547085
2017-12-01 21:00:00,2017-12-02 21:00:00,416.0,438.0,424.0,418.2118083245178,2.21180832451779,2.21180832451779
2017-12-01 22:00:00,2017-12-02 22:00:00,409.0,427.0,421.0,417.69711373726136,8.697113737261361,8.697113737261361
2017-12-01 23:00:00,2017-12-02 23:00:00,407.0,423.0,422.0,413.4360145371029,6.436014537102892,6.436014537102892
2017-12-02 00:00:00,2017-12-03 00:00:00,407.0,418.0,417.0,413.6193165072895,6.619316507289511,6.619316507289511
2017-12-02 01:00:00,2017-12-03 01:00:00,408.0,414.0,413.0,411.0063302178713,3.006330217871323,3.006330217871323
2017-12-02 02:00:00,2017-12-03 02:00:00,411.0,412.0,415.0,408.7609679297758,-2.239032070224198,2.239032070224198
2017-12-02 03:00:00,2017-12-03 03:00:00,410.0,411.0,416.0,407.69572037540934,-2.304279624590663,2.304279624590663
2017-12-02 04:00:00,2017-12-03 04:00:00,413.0,411.0,413.0,406.8538557751678,-6.146144224832199,6.146144224832199
2017-12-02 05:00:00,2017-12-03 05:00:00,410.0,409.0,413.0,409.8583432050966,-0.14165679490338334,0.14165679490338334
2017-12-02 06:00:00,2017-12-03 06:00:00,411.0,412.0,414.0,408.6220307648385,-2.3779692351615154,2.3779692351615154
2017-12-02 07:00:00,2017-12-03 07:00:00,410.0,410.0,416.0,408.4824171550582,-1.517582844941785,1.517582844941785
2017-12-02 08:00:00,2017-12-03 08:00:00,409.0,409.0,413.0,409.4463490790293,0.44634907902928944,0.44634907902928944
2017-12-02 09:00:00,2017-12-03 09:00:00,411.0,408.0,415.0,409.72944621670683,-1.2705537832931668,1.2705537832931668
2017-12-02 10:00:00,2017-12-03 10:00:00,413.0,417.0,419.0,411.8862099935847,-1.113790006415286,1.113790006415286
2017-12-02 11:00:00,2017-12-03 11:00:00,414.0,421.0,417.0,417.20631683153306,3.2063168315330586,3.2063168315330586
2017-12-02 12:00:00,2017-12-03 12:00:00,419.0,418.0,420.0,416.8235309789475,-2.176469021052526,2.176469021052526
2017-12-02 13:00:00,2017-12-03 13:00:00,420.0,420.0,424.0,417.3967020192262,-2.603297980773789,2.603297980773789
2017-12-02 14:00:00,2017-12-03 14:00:00,424.0,425.0,427.0,422.92805784943323,-1.0719421505667697,1.0719421505667697
2017-12-02 15:00:00,2017-12-03 15:00:00,432.0,424.0,429.0,423.662562959656,-8.337437040344014,8.337437040344014
2017-12-02 16:00:00,2017-12-03 16:00:00,431.0,426.0,429.0,426.4132905393557,-4.586709460644272,4.586709460644272
2017-12-02 17:00:00,2017-12-03 17:00:00,430.0,423.0,429.0,424.4790425094886,-5.520957490511421,5.520957490511421
2017-12-02 18:00:00,2017-12-03 18:00:00,427.0,423.0,431.0,422.56074844597975,-4.439251554020245,4.439251554020245
2017-12-02 19:00:00,2017-12-03 19:00:00,429.0,419.0,432.0,422.2374750635181,-6.762524936481896,6.762524936481896
2017-12-02 20:00:00,2017-12-03 20:00:00,424.0,416.0,428.0,420.6655772831291,-3.334422716870904,3.334422716870904
2017-12-02 21:00:00,2017-12-03 21:00:00,418.0,416.0,424.0,416.8236010140311,-1.1763989859688877,1.1763989859688877
2017-12-02 22:00:00,2017-12-03 22:00:00,420.0,409.0,417.0,416.89323126133644,-3.106768738663561,3.106768738663561
2017-12-02 23:00:00,2017-12-03 23:00:00,418.0,407.0,418.0,417.6895251339277,-0.3104748660722976,0.3104748660722976
2017-12-03 00:00:00,2017-12-04 00:00:00,413.0,407.0,417.0,411.9743414875597,-1.025658512440316,1.025658512440316
2017-12-03 01:00:00,2017-12-04 01:00:00,412.0,408.0,419.0,408.44108705478044,-3.5589129452195607,3.5589129452195607
2017-12-03 02:00:00,2017-12-04 02:00:00,412.0,411.0,420.0,406.54794720715466,-5.452052792845336,5.452052792845336
2017-12-03 03:00:00,2017-12-04 03:00:00,404.0,410.0,416.0,407.71520576004497,3.7152057600449666,3.7152057600449666
2017-12-03 04:00:00,2017-12-04 04:00:00,396.0,413.0,415.0,406.5910796209522,10.5910796209522,10.5910796209522
2017-12-03 05:00:00,2017-12-04 05:00:00,394.0,410.0,412.0,408.13311265858283,14.133112658582832,14.133112658582832
2017-12-03 06:00:00,2017-12-04 06:00:00,398.0,411.0,413.0,408.5590710274337,10.559071027433674,10.559071027433674
2017-12-03 07:00:00,2017-12-04 07:00:00,403.0,410.0,420.0,414.58231003687445,11.582310036874446,11.582310036874446
2017-12-03 08:00:00,2017-12-04 08:00:00,407.0,409.0,431.0,416.93493230375253,9.934932303752532,9.934932303752532
2017-12-03 09:00:00,2017-12-04 09:00:00,415.0,411.0,448.0,424.16166818298825,9.161668182988251,9.161668182988251
2017-12-03 10:00:00,2017-12-04 10:00:00,435.0,413.0,458.0,449.29578518334904,14.29578518334904,14.29578518334904
2017-12-03 11:00:00,2017-12-04 11:00:00,447.0,414.0,471.0,462.2379105161366,15.237910516136594,15.237910516136594
2017-12-03 12:00:00,2017-12-04 12:00:00,457.0,419.0,471.0,463.7769101111299,6.776910111129894,6.776910111129894
2017-12-03 13:00:00,2017-12-04 13:00:00,462.0,420.0,467.0,461.779294485361,-0.22070551463900756,0.22070551463900756
2017-12-03 14:00:00,2017-12-04 14:00:00,463.0,424.0,472.0,464.6033518623604,1.6033518623603982,1.6033518623603982
2017-12-03 15:00:00,2017-12-04 15:00:00,463.0,432.0,474.0,468.9037319637013,5.903731963701318,5.903731963701318
2017-12-03 16:00:00,2017-12-04 16:00:00,462.0,431.0,475.0,464.6753872635256,2.675387263525579,2.675387263525579
2017-12-03 17:00:00,2017-12-04 17:00:00,465.0,430.0,469.0,466.78105088198356,1.7810508819835604,1.7810508819835604
2017-12-03 18:00:00,2017-12-04 18:00:00,460.0,427.0,460.0,456.6734226186967,-3.3265773813033093,3.3265773813033093
2017-12-03 19:00:00,2017-12-04 19:00:00,450.0,429.0,447.0,448.5839299195609,-1.4160700804391126,1.4160700804391126
2017-12-03 20:00:00,2017-12-04 20:00:00,442.0,424.0,441.0,437.04506784317937,-4.954932156820632,4.954932156820632
2017-12-03 21:00:00,2017-12-04 21:00:00,437.0,418.0,431.0,434.13610356243754,-2.8638964375624596,2.8638964375624596
2017-12-03 22:00:00,2017-12-04 22:00:00,435.0,420.0,429.0,430.2778211731917,-4.722178826808317,4.722178826808317
2017-12-03 23:00:00,2017-12-04 23:00:00,432.0,418.0,427.0,425.74892641119317,-6.2510735888068325,6.2510735888068325
2017-12-04 00:00:00,2017-12-05 00:00:00,428.0,413.0,423.0,415.5394814498411,-12.460518550158895,12.460518550158895
2017-12-04 01:00:00,2017-12-05 01:00:00,427.0,412.0,417.0,413.4924352796054,-13.507564720394612,13.507564720394612
2017-12-04 02:00:00,2017-12-05 02:00:00,421.0,412.0,415.0,412.95593661794925,-8.044063382050751,8.044063382050751
2017-12-04 03:00:00,2017-12-05 03:00:00,418.0,404.0,420.0,413.8284590491975,-4.171540950802523,4.171540950802523
2017-12-04 04:00:00,2017-12-05 04:00:00,412.0,396.0,419.0,407.93626229772366,-4.063737702276342,4.063737702276342
2017-12-04 05:00:00,2017-12-05 05:00:00,415.0,394.0,417.0,405.46392004536926,-9.536079954630736,9.536079954630736
2017-12-04 06:00:00,2017-12-05 06:00:00,409.0,398.0,420.0,411.59640536847013,2.59640536847013,2.59640536847013
2017-12-04 07:00:00,2017-12-05 07:00:00,415.0,403.0,429.0,417.1408510840039,2.1408510840038844,2.1408510840038844
2017-12-04 08:00:00,2017-12-05 08:00:00,415.0,407.0,439.0,424.00037823393575,9.000378233935749,9.000378233935749
2017-12-04 09:00:00,2017-12-05 09:00:00,437.0,415.0,454.0,433.97313333696496,-3.0268666630350367,3.0268666630350367
2017-12-04 10:00:00,2017-12-05 10:00:00,444.0,435.0,455.0,452.74209959617554,8.742099596175535,8.742099596175535
2017-12-04 11:00:00,2017-12-05 11:00:00,459.0,447.0,470.0,470.2726960241188,11.272696024118773,11.272696024118773
2017-12-04 12:00:00,2017-12-05 12:00:00,465.0,457.0,471.0,470.2924650287339,5.292465028733886,5.292465028733886
2017-12-04 13:00:00,2017-12-05 13:00:00,469.0,462.0,473.0,469.94997013107894,0.9499701310789419,0.9499701310789419
2017-12-04 14:00:00,2017-12-05 14:00:00,467.0,463.0,465.0,469.10378380693726,2.1037838069372583,2.1037838069372583
2017-12-04 15:00:00,2017-12-05 15:00:00,468.0,463.0,472.0,468.46099699255427,0.4609969925542714,0.4609969925542714
2017-12-04 16:00:00,2017-12-05 16:00:00,470.0,462.0,476.0,466.3281066528695,-3.671893347130492,3.671893347130492
2017-12-04 17:00:00,2017-12-05 17:00:00,471.0,465.0,479.0,465.1179941371395,-5.882005862860524,5.882005862860524
2017-12-04 18:00:00,2017-12-05 18:00:00,466.0,460.0,469.0,459.6511859258493,-6.3488140741507095,6.3488140741507095
2017-12-04 19:00:00,2017-12-05 19:00:00,451.0,450.0,455.0,450.4292008062096,-0.5707991937903785,0.5707991937903785
2017-12-04 20:00:00,2017-12-05 20:00:00,445.0,442.0,442.0,438.5828210355368,-6.417178964463176,6.417178964463176
2017-12-04 21:00:00,2017-12-05 21:00:00,435.0,437.0,433.0,433.0513297125525,-1.9486702874474986,1.9486702874474986
2017-12-04 22:00:00,2017-12-05 22:00:00,427.0,435.0,432.0,430.3968629782098,3.3968629782098105,3.3968629782098105
2017-12-04 23:00:00,2017-12-05 23:00:00,424.0,432.0,427.0,430.1476022071215,6.147602207121508,6.147602207121508
2017-12-05 00:00:00,2017-12-06 00:00:00,421.0,428.0,423.0,427.6421128660097,6.642112866009711,6.642112866009711
2017-12-05 01:00:00,2017-12-06 01:00:00,422.0,427.0,422.0,425.9087039989956,3.908703998995577,3.908703998995577
2017-12-05 02:00:00,2017-12-06 02:00:00,417.0,421.0,419.0,420.4762014432711,3.4762014432711226,3.4762014432711226
2017-12-05 03:00:00,2017-12-06 03:00:00,415.0,418.0,416.0,416.1896153781234,1.189615378123392,1.189615378123392
2017-12-05 04:00:00,2017-12-06 04:00:00,416.0,412.0,416.0,411.22710569835914,-4.772894301640861,4.772894301640861
2017-12-05 05:00:00,2017-12-06 05:00:00,416.0,415.0,414.0,411.16364627779234,-4.836353722207662,4.836353722207662
2017-12-05 06:00:00,2017-12-06 06:00:00,415.0,409.0,415.0,412.0054275043957,-2.9945724956043023,2.9945724956043023
2017-12-05 07:00:00,2017-12-06 07:00:00,418.0,415.0,420.0,416.45001248427974,-1.549987515720261,1.549987515720261
2017-12-05 08:00:00,2017-12-06 08:00:00,428.0,415.0,424.0,419.8041544466631,-8.19584555333688,8.19584555333688
2017-12-05 09:00:00,2017-12-06 09:00:00,430.0,437.0,442.0,436.9319157565808,6.931915756580793,6.931915756580793
2017-12-05 10:00:00,2017-12-06 10:00:00,450.0,444.0,457.0,452.32217968946213,2.322179689462132,2.322179689462132
2017-12-05 11:00:00,2017-12-06 11:00:00,463.0,459.0,474.0,462.8982800463311,-0.10171995366891906,0.10171995366891906
2017-12-05 12:00:00,2017-12-06 12:00:00,468.0,465.0,479.0,466.24478988670086,-1.7552101132991424,1.7552101132991424
2017-12-05 13:00:00,2017-12-06 13:00:00,467.0,469.0,479.0,471.7388822555821,4.738882255582098,4.738882255582098
2017-12-05 14:00:00,2017-12-06 14:00:00,472.0,467.0,481.0,470.8314818098984,-1.1685181901016222,1.1685181901016222
2017-12-05 15:00:00,2017-12-06 15:00:00,475.0,468.0,482.0,474.0698527196134,-0.9301472803866204,0.9301472803866204
2017-12-05 16:00:00,2017-12-06 16:00:00,471.0,470.0,487.0,473.94698191653305,2.9469819165330478,2.9469819165330478
2017-12-05 17:00:00,2017-12-06 17:00:00,468.0,471.0,476.0,473.4589733462714,5.458973346271421,5.458973346271421
2017-12-05 18:00:00,2017-12-06 18:00:00,457.0,466.0,456.0,469.4932344088957,12.493234408895717,12.493234408895717
2017-12-05 19:00:00,2017-12-06 19:00:00,449.0,451.0,448.0,454.7853304022175,5.7853304022174825,5.7853304022174825
2017-12-05 20:00:00,2017-12-06 20:00:00,438.0,445.0,438.0,443.4729044582328,5.47290445823279,5.47290445823279
2017-12-05 21:00:00,2017-12-06 21:00:00,427.0,435.0,429.0,436.4428743013695,9.4428743013695,9.4428743013695
2017-12-05 22:00:00,2017-12-06 22:00:00,421.0,427.0,422.0,431.2256573871604,10.225657387160425,10.225657387160425
2017-12-05 23:00:00,2017-12-06 23:00:00,420.0,424.0,417.0,425.8906340165379,5.890634016537888,5.890634016537888
2017-12-06 00:00:00,2017-12-07 00:00:00,415.0,421.0,412.0,422.636319339792,7.63631933979201,7.63631933979201
2017-12-06 01:00:00,2017-12-07 01:00:00,414.0,422.0,409.0,421.78331278579384,7.783312785793839,7.783312785793839
2017-12-06 02:00:00,2017-12-07 02:00:00,410.0,417.0,406.0,416.68116899754807,6.68116899754807,6.68116899754807
2017-12-06 03:00:00,2017-12-07 03:00:00,409.0,415.0,407.0,412.24937851038817,3.249378510388169,3.249378510388169
2017-12-06 04:00:00,2017-12-07 04:00:00,410.0,416.0,404.0,413.73569049039605,3.7356904903960526,3.7356904903960526
2017-12-06 05:00:00,2017-12-07 05:00:00,409.0,416.0,407.0,413.3884598848387,4.38845988483871,4.38845988483871
2017-12-06 06:00:00,2017-12-07 06:00:00,406.0,415.0,407.0,412.91676485494116,6.916764854941164,6.916764854941164
2017-12-06 07:00:00,2017-12-07 07:00:00,411.0,418.0,411.0,419.2448211363972,8.244821136397206,8.244821136397206
2017-12-06 08:00:00,2017-12-07 08:00:00,423.0,428.0,418.0,429.25427054649884,6.254270546498844,6.254270546498844
2017-12-06 09:00:00,2017-12-07 09:00:00,436.0,430.0,432.0,435.9260160702186,-0.07398392978137736,0.07398392978137736
2017-12-06 10:00:00,2017-12-07 10:00:00,453.0,450.0,451.0,453.857324346401,0.8573243464010147,0.8573243464010147
2017-12-06 11:00:00,2017-12-07 11:00:00,462.0,463.0,462.0,467.15422742383777,5.154227423837767,5.154227423837767
2017-12-06 12:00:00,2017-12-07 12:00:00,470.0,468.0,470.0,472.7821425927467,2.782142592746709,2.782142592746709
2017-12-06 13:00:00,2017-12-07 13:00:00,471.0,467.0,466.0,474.09077873326333,3.0907787332633347,3.0907787332633347
2017-12-06 14:00:00,2017-12-07 14:00:00,476.0,472.0,469.0,474.3943493713882,-1.6056506286117838,1.6056506286117838
2017-12-06 15:00:00,2017-12-07 15:00:00,483.0,475.0,474.0,478.85332167399906,-4.146678326000938,4.146678326000938
2017-12-06 16:00:00,2017-12-07 16:00:00,480.0,471.0,473.0,476.6644350715943,-3.335564928405688,3.335564928405688
2017-12-06 17:00:00,2017-12-07 17:00:00,474.0,468.0,468.0,473.13326566914384,-0.8667343308561613,0.8667343308561613
2017-12-06 18:00:00,2017-12-07 18:00:00,464.0,457.0,459.0,462.29715782754874,-1.7028421724512555,1.7028421724512555
2017-12-06 19:00:00,2017-12-07 19:00:00,450.0,449.0,444.0,450.96794979848437,0.9679497984843692,0.9679497984843692
2017-12-06 20:00:00,2017-12-07 20:00:00,437.0,438.0,434.0,440.4628570663573,3.4628570663572873,3.4628570663572873
2017-12-06 21:00:00,2017-12-07 21:00:00,433.0,427.0,428.0,435.9222397871914,2.9222397871914154,2.9222397871914154
2017-12-06 22:00:00,2017-12-07 22:00:00,425.0,421.0,418.0,431.11296360650834,6.112963606508345,6.112963606508345
2017-12-06 23:00:00,2017-12-07 23:00:00,423.0,420.0,413.0,428.28333282893925,5.283332828939251,5.283332828939251
2017-12-07 00:00:00,2017-12-08 00:00:00,420.0,415.0,409.0,414.31094575545467,-5.689054244545332,5.689054244545332
2017-12-07 01:00:00,2017-12-08 01:00:00,418.0,414.0,417.0,412.3164362054152,-5.683563794584813,5.683563794584813
2017-12-07 02:00:00,2017-12-08 02:00:00,414.0,410.0,416.0,411.4695807489745,-2.530419251025478,2.530419251025478
2017-12-07 03:00:00,2017-12-08 03:00:00,412.0,409.0,412.0,410.6949285094128,-1.3050714905871814,1.3050714905871814
2017-12-07 04:00:00,2017-12-08 04:00:00,410.0,410.0,413.0,417.391116107037,7.391116107037021,7.391116107037021
2017-12-07 05:00:00,2017-12-08 05:00:00,413.0,409.0,412.0,416.8439761279866,3.8439761279865934,3.8439761279865934
2017-12-07 06:00:00,2017-12-08 06:00:00,413.0,406.0,410.0,417.92364321509314,4.923643215093136,4.923643215093136
2017-12-07 07:00:00,2017-12-08 07:00:00,419.0,411.0,416.0,411.93516314248876,-7.064836857511239,7.064836857511239
2017-12-07 08:00:00,2017-12-08 08:00:00,421.0,423.0,423.0,417.6529888883553,-3.34701111164469,3.34701111164469
2017-12-07 09:00:00,2017-12-08 09:00:00,443.0,436.0,434.0,430.2730647198877,-12.726935280112286,12.726935280112286
2017-12-07 10:00:00,2017-12-08 10:00:00,454.0,453.0,456.0,449.04801242205554,-4.951987577944465,4.951987577944465
2017-12-07 11:00:00,2017-12-08 11:00:00,470.0,462.0,473.0,463.9479765509242,-6.0520234490758185,6.0520234490758185
2017-12-07 12:00:00,2017-12-08 12:00:00,469.0,470.0,470.0,467.7354137568057,-1.2645862431942874,1.2645862431942874
2017-12-07 13:00:00,2017-12-08 13:00:00,473.0,471.0,465.0,469.26008580528594,-3.7399141947140606,3.7399141947140606
2017-12-07 14:00:00,2017-12-08 14:00:00,477.0,476.0,475.0,471.3318427801439,-5.668157219856084,5.668157219856084
2017-12-07 15:00:00,2017-12-08 15:00:00,479.0,483.0,472.0,475.86994956002746,-3.1300504399725355,3.1300504399725355
2017-12-07 16:00:00,2017-12-08 16:00:00,483.0,480.0,477.0,473.83645569202196,-9.163544307978043,9.163544307978043
2017-12-07 17:00:00,2017-12-08 17:00:00,474.0,474.0,470.0,469.3998665304811,-4.60013346951888,4.60013346951888
2017-12-07 18:00:00,2017-12-08 18:00:00,458.0,464.0,458.0,460.8584576312889,2.8584576312889,2.8584576312889
2017-12-07 19:00:00,2017-12-08 19:00:00,444.0,450.0,449.0,447.38027584066145,3.3802758406614544,3.3802758406614544
2017-12-07 20:00:00,2017-12-08 20:00:00,431.0,437.0,444.0,432.76317096567107,1.7631709656710655,1.7631709656710655
2017-12-07 21:00:00,2017-12-08 21:00:00,428.0,433.0,438.0,429.3893771145196,1.3893771145196183,1.3893771145196183
2017-12-07 22:00:00,2017-12-08 22:00:00,424.0,425.0,427.0,419.83667827764305,-4.1633217223569545,4.1633217223569545
2017-12-07 23:00:00,2017-12-08 23:00:00,418.0,423.0,423.0,415.19696696548044,-2.803033034519558,2.803033034519558
2017-12-08 00:00:00,2017-12-09 00:00:00,414.0,420.0,418.0,413.83637800166485,-0.16362199833514524,0.16362199833514524
2017-12-08 01:00:00,2017-12-09 01:00:00,409.0,418.0,414.0,411.98571780325534,2.9857178032553406,2.9857178032553406
2017-12-08 02:00:00,2017-12-09 02:00:00,409.0,414.0,412.0,408.1806309142496,-0.8193690857503952,0.8193690857503952
2017-12-08 03:00:00,2017-12-09 03:00:00,410.0,412.0,411.0,406.7707252610142,-3.2292747389857936,3.2292747389857936
2017-12-08 04:00:00,2017-12-09 04:00:00,410.0,410.0,411.0,408.5379739968746,-1.462026003125402,1.462026003125402
2017-12-08 05:00:00,2017-12-09 05:00:00,409.0,413.0,409.0,406.4555324860025,-2.5444675139975175,2.5444675139975175
2017-12-08 06:00:00,2017-12-09 06:00:00,408.0,413.0,412.0,407.6999861846258,-0.3000138153742,0.3000138153742
2017-12-08 07:00:00,2017-12-09 07:00:00,407.0,419.0,410.0,410.3293962487418,3.329396248741773,3.329396248741773
2017-12-08 08:00:00,2017-12-09 08:00:00,406.0,421.0,409.0,411.997785642449,5.997785642449003,5.997785642449003
2017-12-08 09:00:00,2017-12-09 09:00:00,410.0,443.0,408.0,412.0861278495307,2.086127849530726,2.086127849530726
2017-12-08 10:00:00,2017-12-09 10:00:00,413.0,454.0,417.0,418.3041482326363,5.304148232636294,5.304148232636294
2017-12-08 11:00:00,2017-12-09 11:00:00,415.0,470.0,421.0,425.77560912286117,10.77560912286117,10.77560912286117
2017-12-08 12:00:00,2017-12-09 12:00:00,421.0,469.0,418.0,427.81886000267014,6.818860002670135,6.818860002670135
2017-12-08 13:00:00,2017-12-09 13:00:00,419.0,473.0,420.0,430.7877629787911,11.78776297879108,11.78776297879108
2017-12-08 14:00:00,2017-12-09 14:00:00,425.0,477.0,425.0,431.4143998945722,6.414399894572227,6.414399894572227
2017-12-08 15:00:00,2017-12-09 15:00:00,431.0,479.0,424.0,433.0840377890999,2.0840377890999093,2.0840377890999093
2017-12-08 16:00:00,2017-12-09 16:00:00,432.0,483.0,426.0,434.89470238197043,2.8947023819704327,2.8947023819704327
2017-12-08 17:00:00,2017-12-09 17:00:00,430.0,474.0,423.0,432.35314782509334,2.3531478250933446,2.3531478250933446
2017-12-08 18:00:00,2017-12-09 18:00:00,423.0,458.0,423.0,431.06227070316424,8.062270703164245,8.062270703164245
2017-12-08 19:00:00,2017-12-09 19:00:00,419.0,444.0,419.0,427.5043480729205,8.504348072920493,8.504348072920493
2017-12-08 20:00:00,2017-12-09 20:00:00,416.0,431.0,416.0,424.74830359471855,8.74830359471855,8.74830359471855
2017-12-08 21:00:00,2017-12-09 21:00:00,416.0,428.0,416.0,417.8585397396098,1.858539739609796,1.858539739609796
2017-12-08 22:00:00,2017-12-09 22:00:00,413.0,424.0,409.0,414.66009866840335,1.66009866840335,1.66009866840335
2017-12-08 23:00:00,2017-12-09 23:00:00,417.0,418.0,407.0,413.16889792567923,-3.8311020743207678,3.8311020743207678
2017-12-09 00:00:00,2017-12-10 00:00:00,413.0,414.0,407.0,410.95298284277175,-2.047017157228254,2.047017157228254
2017-12-09 01:00:00,2017-12-10 01:00:00,409.0,409.0,408.0,410.6939241118598,1.6939241118598147,1.6939241118598147
2017-12-09 02:00:00,2017-12-10 02:00:00,407.0,409.0,411.0,411.4429322050834,4.442932205083423,4.442932205083423
2017-12-09 03:00:00,2017-12-10 03:00:00,408.0,410.0,410.0,408.15292215548294,0.15292215548294052,0.15292215548294052
2017-12-09 04:00:00,2017-12-10 04:00:00,408.0,410.0,413.0,408.2271539423129,0.22715394231289565,0.22715394231289565
2017-12-09 05:00:00,2017-12-10 05:00:00,406.0,409.0,410.0,409.6182372169381,3.6182372169380983,3.6182372169380983
2017-12-09 06:00:00,2017-12-10 06:00:00,404.0,408.0,411.0,409.9395320020217,5.939532002021679,5.939532002021679
2017-12-09 07:00:00,2017-12-10 07:00:00,404.0,407.0,410.0,411.491547782029,7.491547782028988,7.491547782028988
2017-12-09 08:00:00,2017-12-10 08:00:00,406.0,406.0,409.0,411.23097566423627,5.230975664236269,5.230975664236269
2017-12-09 09:00:00,2017-12-10 09:00:00,408.0,410.0,411.0,411.19085539289483,3.190855392894832,3.190855392894832
2017-12-09 10:00:00,2017-12-10 10:00:00,410.0,413.0,413.0,409.1334685831885,-0.8665314168114833,0.8665314168114833
2017-12-09 11:00:00,2017-12-10 11:00:00,416.0,415.0,414.0,411.44104212769764,-4.558957872302358,4.558957872302358
2017-12-09 12:00:00,2017-12-10 12:00:00,419.0,421.0,419.0,417.45010475222585,-1.5498952477741454,1.5498952477741454
2017-12-09 13:00:00,2017-12-10 13:00:00,418.0,419.0,420.0,416.3952831095242,-1.6047168904757996,1.6047168904757996
2017-12-09 14:00:00,2017-12-10 14:00:00,421.0,425.0,424.0,420.8938540848003,-0.10614591519970418,0.10614591519970418
2017-12-09 15:00:00,2017-12-10 15:00:00,425.0,431.0,432.0,422.38443750670035,-2.615562493299649,2.615562493299649
2017-12-09 16:00:00,2017-12-10 16:00:00,429.0,432.0,431.0,423.173791567652,-5.826208432347983,5.826208432347983
2017-12-09 17:00:00,2017-12-10 17:00:00,426.0,430.0,430.0,432.5778284493172,6.577828449317224,6.577828449317224
2017-12-09 18:00:00,2017-12-10 18:00:00,426.0,423.0,427.0,423.1385176914859,-2.8614823085140983,2.8614823085140983
2017-12-09 19:00:00,2017-12-10 19:00:00,427.0,419.0,429.0,423.6814966407105,-3.3185033592894797,3.3185033592894797
2017-12-09 20:00:00,2017-12-10 20:00:00,423.0,416.0,424.0,419.6694587889295,-3.3305412110705106,3.3305412110705106
2017-12-09 21:00:00,2017-12-10 21:00:00,422.0,416.0,418.0,419.8706539205224,-2.129346079477614,2.129346079477614
2017-12-09 22:00:00,2017-12-10 22:00:00,421.0,413.0,420.0,413.6696291851301,-7.330370814869923,7.330370814869923
2017-12-09 23:00:00,2017-12-10 23:00:00,415.0,417.0,418.0,413.9443769838544,-1.0556230161456028,1.0556230161456028
2017-12-10 00:00:00,2017-12-11 00:00:00,413.0,413.0,413.0,409.24978128601924,-3.7502187139807575,3.7502187139807575
2017-12-10 01:00:00,2017-12-11 01:00:00,414.0,409.0,412.0,408.79750867813516,-5.202491321864841,5.202491321864841
2017-12-10 02:00:00,2017-12-11 02:00:00,409.0,407.0,412.0,408.74197787195567,-0.2580221280443311,0.2580221280443311
2017-12-10 03:00:00,2017-12-11 03:00:00,410.0,408.0,404.0,406.2781013775109,-3.721898622489107,3.721898622489107
2017-12-10 04:00:00,2017-12-11 04:00:00,404.0,408.0,396.0,406.4006206051406,2.4006206051406025,2.4006206051406025
2017-12-10 05:00:00,2017-12-11 05:00:00,405.0,406.0,394.0,409.7426451332193,4.742645133219298,4.742645133219298
2017-12-10 06:00:00,2017-12-11 06:00:00,407.0,404.0,398.0,410.9063526176571,3.9063526176570917,3.9063526176570917
2017-12-10 07:00:00,2017-12-11 07:00:00,409.0,404.0,403.0,416.04331067707255,7.043310677072554,7.043310677072554
2017-12-10 08:00:00,2017-12-11 08:00:00,416.0,406.0,407.0,422.1332772098804,6.1332772098804185,6.1332772098804185
2017-12-10 09:00:00,2017-12-11 09:00:00,427.0,408.0,415.0,427.82394611949394,0.8239461194939395,0.8239461194939395
2017-12-10 10:00:00,2017-12-11 10:00:00,441.0,410.0,435.0,451.35773993800274,10.357739938002737,10.357739938002737
2017-12-10 11:00:00,2017-12-11 11:00:00,462.0,416.0,447.0,460.341456287096,-1.6585437129040201,1.6585437129040201
2017-12-10 12:00:00,2017-12-11 12:00:00,468.0,419.0,457.0,461.5348631871443,-6.46513681285569,6.46513681285569
2017-12-10 13:00:00,2017-12-11 13:00:00,469.0,418.0,462.0,461.8250585850832,-7.174941414916816,7.174941414916816
2017-12-10 14:00:00,2017-12-11 14:00:00,469.0,421.0,463.0,461.24191504936516,-7.758084950634839,7.758084950634839
2017-12-10 15:00:00,2017-12-11 15:00:00,468.0,425.0,463.0,463.3965510933675,-4.6034489066324795,4.6034489066324795
2017-12-10 16:00:00,2017-12-11 16:00:00,467.0,429.0,462.0,463.7737726938401,-3.226227306159899,3.226227306159899
2017-12-10 17:00:00,2017-12-11 17:00:00,467.0,426.0,465.0,461.3455515676076,-5.654448432392428,5.654448432392428
2017-12-10 18:00:00,2017-12-11 18:00:00,456.0,426.0,460.0,456.6751048952448,0.6751048952447718,0.6751048952447718
2017-12-10 19:00:00,2017-12-11 19:00:00,451.0,427.0,450.0,447.4856506241336,-3.514349375866402,3.514349375866402
2017-12-10 20:00:00,2017-12-11 20:00:00,440.0,423.0,442.0,435.9782178984231,-4.021782101576889,4.021782101576889
2017-12-10 21:00:00,2017-12-11 21:00:00,428.0,422.0,437.0,433.61680780659617,5.616807806596171,5.616807806596171
2017-12-10 22:00:00,2017-12-11 22:00:00,429.0,421.0,435.0,434.81572236145246,5.815722361452458,5.815722361452458
2017-12-10 23:00:00,2017-12-11 23:00:00,419.0,415.0,432.0,428.31020595096805,9.310205950968054,9.310205950968054
2017-12-11 00:00:00,2017-12-12 00:00:00,417.0,413.0,428.0,420.65566383787814,3.655663837878137,3.655663837878137
2017-12-11 01:00:00,2017-12-12 01:00:00,415.0,414.0,427.0,417.3300100877292,2.3300100877291925,2.3300100877291925
2017-12-11 02:00:00,2017-12-12 02:00:00,412.0,409.0,421.0,414.85109610290635,2.8510961029063537,2.8510961029063537
2017-12-11 03:00:00,2017-12-12 03:00:00,410.0,410.0,418.0,414.744128692991,4.744128692991012,4.744128692991012
2017-12-11 04:00:00,2017-12-12 04:00:00,408.0,404.0,412.0,417.11008708537565,9.110087085375653,9.110087085375653
2017-12-11 05:00:00,2017-12-12 05:00:00,406.0,405.0,415.0,416.2467589480248,10.24675894802482,10.24675894802482
2017-12-11 06:00:00,2017-12-12 06:00:00,406.0,407.0,409.0,417.2437523540345,11.243752354034484,11.243752354034484
2017-12-11 07:00:00,2017-12-12 07:00:00,408.0,409.0,415.0,422.7941877930094,14.794187793009428,14.794187793009428
2017-12-11 08:00:00,2017-12-12 08:00:00,421.0,416.0,415.0,427.0203062373137,6.020306237313719,6.020306237313719
2017-12-11 09:00:00,2017-12-12 09:00:00,433.0,427.0,437.0,436.3114758951745,3.3114758951745102,3.3114758951745102
2017-12-11 10:00:00,2017-12-12 10:00:00,446.0,441.0,444.0,451.75145025323604,5.751450253236044,5.751450253236044
2017-12-11 11:00:00,2017-12-12 11:00:00,459.0,462.0,459.0,469.67369997464584,10.673699974645842,10.673699974645842
2017-12-11 12:00:00,2017-12-12 12:00:00,464.0,468.0,465.0,471.92333902733117,7.923339027331167,7.923339027331167
2017-12-11 13:00:00,2017-12-12 13:00:00,468.0,469.0,469.0,471.4455042723878,3.4455042723877796,3.4455042723877796
2017-12-11 14:00:00,2017-12-12 14:00:00,465.0,469.0,467.0,471.41460633512565,6.414606335125654,6.414606335125654
2017-12-11 15:00:00,2017-12-12 15:00:00,463.0,468.0,468.0,469.10498657003745,6.104986570037454,6.104986570037454
2017-12-11 16:00:00,2017-12-12 16:00:00,461.0,467.0,470.0,469.44147812859524,8.441478128595236,8.441478128595236
2017-12-11 17:00:00,2017-12-12 17:00:00,459.0,467.0,471.0,466.43515699112703,7.43515699112703,7.43515699112703
2017-12-11 18:00:00,2017-12-12 18:00:00,456.0,456.0,466.0,456.64797352875104,0.647973528751038,0.647973528751038
2017-12-11 19:00:00,2017-12-12 19:00:00,446.0,451.0,451.0,447.20413618990705,1.2041361899070466,1.2041361899070466
2017-12-11 20:00:00,2017-12-12 20:00:00,436.0,440.0,445.0,437.08068016951876,1.0806801695187573,1.0806801695187573
2017-12-11 21:00:00,2017-12-12 21:00:00,432.0,428.0,435.0,430.5359959070254,-1.4640040929746192,1.4640040929746192
2017-12-11 22:00:00,2017-12-12 22:00:00,429.0,429.0,427.0,429.49057100204044,0.4905710020404399,0.4905710020404399
2017-12-11 23:00:00,2017-12-12 23:00:00,420.0,419.0,424.0,422.64254329133803,2.642543291338029,2.642543291338029
2017-12-12 00:00:00,2017-12-13 00:00:00,419.0,417.0,421.0,418.8523426751621,-0.14765732483789407,0.14765732483789407
2017-12-12 01:00:00,2017-12-13 01:00:00,409.0,415.0,422.0,414.3945192480361,5.39451924803609,5.39451924803609
2017-12-12 02:00:00,2017-12-13 02:00:00,410.0,412.0,417.0,411.599992151534,1.5999921515340247,1.5999921515340247
2017-12-12 03:00:00,2017-12-13 03:00:00,409.0,410.0,415.0,411.7275352087155,2.7275352087154943,2.7275352087154943
2017-12-12 04:00:00,2017-12-13 04:00:00,407.0,408.0,416.0,409.19712917291275,2.197129172912753,2.197129172912753
2017-12-12 05:00:00,2017-12-13 05:00:00,407.0,406.0,416.0,411.73665408730125,4.736654087301247,4.736654087301247
2017-12-12 06:00:00,2017-12-13 06:00:00,406.0,406.0,415.0,411.915156328714,5.915156328713977,5.915156328713977
2017-12-12 07:00:00,2017-12-13 07:00:00,410.0,408.0,418.0,411.94158272690623,1.9415827269062333,1.9415827269062333
2017-12-12 08:00:00,2017-12-13 08:00:00,417.0,421.0,428.0,421.6025715935337,4.602571593533696,4.602571593533696
2017-12-12 09:00:00,2017-12-13 09:00:00,424.0,433.0,430.0,433.842029648177,9.842029648177004,9.842029648177004
2017-12-12 10:00:00,2017-12-13 10:00:00,441.0,446.0,450.0,443.83506653385064,2.835066533850636,2.835066533850636
2017-12-12 11:00:00,2017-12-13 11:00:00,459.0,459.0,463.0,460.5175983707009,1.5175983707009095,1.5175983707009095
2017-12-12 12:00:00,2017-12-13 12:00:00,469.0,464.0,468.0,465.7158679745939,-3.284132025406109,3.284132025406109
2017-12-12 13:00:00,2017-12-13 13:00:00,473.0,468.0,467.0,470.0620214772347,-2.93797852276532,2.93797852276532
2017-12-12 14:00:00,2017-12-13 14:00:00,470.0,465.0,472.0,466.75835131727445,-3.241648682725554,3.241648682725554
2017-12-12 15:00:00,2017-12-13 15:00:00,477.0,463.0,475.0,466.0460054268069,-10.953994573193086,10.953994573193086
2017-12-12 16:00:00,2017-12-13 16:00:00,468.0,461.0,471.0,464.06163584058055,-3.93836415941945,3.93836415941945
2017-12-12 17:00:00,2017-12-13 17:00:00,467.0,459.0,468.0,461.9736767578765,-5.02632324212351,5.02632324212351
2017-12-12 18:00:00,2017-12-13 18:00:00,463.0,456.0,457.0,457.5223971907965,-5.477602809203518,5.477602809203518
2017-12-12 19:00:00,2017-12-13 19:00:00,447.0,446.0,449.0,446.99782173123543,-0.0021782687645668375,0.0021782687645668375
2017-12-12 20:00:00,2017-12-13 20:00:00,432.0,436.0,438.0,436.50467374728237,4.504673747282368,4.504673747282368
2017-12-12 21:00:00,2017-12-13 21:00:00,427.0,432.0,427.0,434.5472842881791,7.547284288179128,7.547284288179128
2017-12-12 22:00:00,2017-12-13 22:00:00,428.0,429.0,421.0,430.2836932714511,2.2836932714511136,2.2836932714511136
2017-12-12 23:00:00,2017-12-13 23:00:00,422.0,420.0,420.0,424.37161853700206,2.371618537002064,2.371618537002064
2017-12-13 00:00:00,2017-12-14 00:00:00,416.0,419.0,415.0,419.24443162102483,3.2444316210248303,3.2444316210248303
2017-12-13 01:00:00,2017-12-14 01:00:00,411.0,409.0,414.0,415.7827702410519,4.782770241051878,4.782770241051878
2017-12-13 02:00:00,2017-12-14 02:00:00,410.0,410.0,410.0,411.65849139595235,1.6584913959523533,1.6584913959523533
2017-12-13 03:00:00,2017-12-14 03:00:00,407.0,409.0,409.0,409.91722320449685,2.9172232044968496,2.9172232044968496
2017-12-13 04:00:00,2017-12-14 04:00:00,405.0,407.0,410.0,410.61795241790355,5.6179524179035525,5.6179524179035525
2017-12-13 05:00:00,2017-12-14 05:00:00,405.0,407.0,409.0,410.9133400888117,5.913340088811708,5.913340088811708
2017-12-13 06:00:00,2017-12-14 06:00:00,407.0,406.0,406.0,412.11952423529516,5.1195242352951595,5.1195242352951595
2017-12-13 07:00:00,2017-12-14 07:00:00,410.0,410.0,411.0,414.3772208403381,4.377220840338111,4.377220840338111
2017-12-13 08:00:00,2017-12-14 08:00:00,414.0,417.0,423.0,419.1932078696241,5.193207869624075,5.193207869624075
2017-12-13 09:00:00,2017-12-14 09:00:00,425.0,424.0,436.0,427.65840339049487,2.6584033904948683,2.6584033904948683
2017-12-13 10:00:00,2017-12-14 10:00:00,444.0,441.0,453.0,443.7360893657259,-0.26391063427411154,0.26391063427411154
2017-12-13 11:00:00,2017-12-14 11:00:00,462.0,459.0,462.0,458.74799224665975,-3.2520077533402514,3.2520077533402514
2017-12-13 12:00:00,2017-12-14 12:00:00,466.0,469.0,470.0,467.4998084858303,1.4998084858302718,1.4998084858302718
2017-12-13 13:00:00,2017-12-14 13:00:00,468.0,473.0,471.0,469.584977287034,1.5849772870340075,1.5849772870340075
2017-12-13 14:00:00,2017-12-14 14:00:00,471.0,470.0,476.0,469.0430928045592,-1.956907195440806,1.956907195440806
2017-12-13 15:00:00,2017-12-14 15:00:00,468.0,477.0,483.0,475.3448403396518,7.344840339651796,7.344840339651796
2017-12-13 16:00:00,2017-12-14 16:00:00,465.0,468.0,480.0,468.3844082391037,3.3844082391037205,3.3844082391037205
2017-12-13 17:00:00,2017-12-14 17:00:00,463.0,467.0,474.0,466.56815761860696,3.5681576186069606,3.5681576186069606
2017-12-13 18:00:00,2017-12-14 18:00:00,457.0,463.0,464.0,459.408449616648,2.4084496166479994,2.4084496166479994
2017-12-13 19:00:00,2017-12-14 19:00:00,448.0,447.0,450.0,444.81335106095264,-3.186648939047359,3.186648939047359
2017-12-13 20:00:00,2017-12-14 20:00:00,443.0,432.0,437.0,439.60721833655356,-3.392781663446442,3.392781663446442
2017-12-13 21:00:00,2017-12-14 21:00:00,439.0,427.0,433.0,429.81813284658097,-9.181867153419034,9.181867153419034
2017-12-13 22:00:00,2017-12-14 22:00:00,430.0,428.0,425.0,428.9878780445985,-1.0121219554014829,1.0121219554014829
2017-12-13 23:00:00,2017-12-14 23:00:00,423.0,422.0,423.0,422.76031736614266,-0.2396826338573419,0.2396826338573419
2017-12-14 00:00:00,2017-12-15 00:00:00,417.0,416.0,420.0,414.07466332484387,-2.9253366751561316,2.9253366751561316
2017-12-14 01:00:00,2017-12-15 01:00:00,413.0,411.0,418.0,410.6604373546619,-2.3395626453381055,2.3395626453381055
2017-12-14 02:00:00,2017-12-15 02:00:00,411.0,410.0,414.0,411.35752500718627,0.35752500718626834,0.35752500718626834
2017-12-14 03:00:00,2017-12-15 03:00:00,409.0,407.0,412.0,411.13513538897115,2.1351353889711504,2.1351353889711504
2017-12-14 04:00:00,2017-12-15 04:00:00,406.0,405.0,410.0,409.9652888695982,3.9652888695982256,3.9652888695982256
2017-12-14 05:00:00,2017-12-15 05:00:00,408.0,405.0,413.0,409.9424977490578,1.942497749057793,1.942497749057793
2017-12-14 06:00:00,2017-12-15 06:00:00,409.0,407.0,413.0,411.7095131373025,2.7095131373025083,2.7095131373025083
2017-12-14 07:00:00,2017-12-15 07:00:00,414.0,410.0,419.0,413.7263344404326,-0.2736655595674051,0.2736655595674051
2017-12-14 08:00:00,2017-12-15 08:00:00,415.0,414.0,421.0,414.11509922600015,-0.8849007739998456,0.8849007739998456
2017-12-14 09:00:00,2017-12-15 09:00:00,432.0,425.0,443.0,423.6118935543681,-8.388106445631877,8.388106445631877
2017-12-14 10:00:00,2017-12-15 10:00:00,450.0,444.0,454.0,434.0806208406691,-15.919379159330902,15.919379159330902
2017-12-14 11:00:00,2017-12-15 11:00:00,463.0,462.0,470.0,456.5018128685816,-6.498187131418376,6.498187131418376
2017-12-14 12:00:00,2017-12-15 12:00:00,465.0,466.0,469.0,460.64804032642104,-4.3519596735789605,4.3519596735789605
2017-12-14 13:00:00,2017-12-15 13:00:00,473.0,468.0,473.0,461.2449284902302,-11.755071509769778,11.755071509769778
2017-12-14 14:00:00,2017-12-15 14:00:00,476.0,471.0,477.0,465.39923393553545,-10.600766064464551,10.600766064464551
2017-12-14 15:00:00,2017-12-15 15:00:00,471.0,468.0,479.0,463.9612258593409,-7.038774140659086,7.038774140659086
2017-12-14 16:00:00,2017-12-15 16:00:00,463.0,465.0,483.0,460.4972396126278,-2.5027603873721773,2.5027603873721773
2017-12-14 17:00:00,2017-12-15 17:00:00,457.0,463.0,474.0,459.8246940356316,2.8246940356315804,2.8246940356315804
2017-12-14 18:00:00,2017-12-15 18:00:00,447.0,457.0,458.0,454.4509526974913,7.450952697491289,7.450952697491289
2017-12-14 19:00:00,2017-12-15 19:00:00,441.0,448.0,444.0,440.792920239786,-0.20707976021401464,0.20707976021401464
2017-12-14 20:00:00,2017-12-15 20:00:00,434.0,443.0,431.0,432.060639371785,-1.939360628215013,1.939360628215013
2017-12-14 21:00:00,2017-12-15 21:00:00,428.0,439.0,428.0,428.2150288744075,0.21502887440749419,0.21502887440749419
2017-12-14 22:00:00,2017-12-15 22:00:00,422.0,430.0,424.0,425.43006995957495,3.4300699595749506,3.4300699595749506
2017-12-14 23:00:00,2017-12-15 23:00:00,417.0,423.0,418.0,414.5953104946669,-2.404689505333124,2.404689505333124
2017-12-15 00:00:00,2017-12-16 00:00:00,408.0,417.0,414.0,412.02770230583303,4.0277023058330315,4.0277023058330315
2017-12-15 01:00:00,2017-12-16 01:00:00,408.0,413.0,409.0,408.84683871263553,0.846838712635531,0.846838712635531
2017-12-15 02:00:00,2017-12-16 02:00:00,405.0,411.0,409.0,406.96493161286895,1.964931612868952,1.964931612868952
2017-12-15 03:00:00,2017-12-16 03:00:00,406.0,409.0,410.0,407.8343336237151,1.8343336237151107,1.8343336237151107
2017-12-15 04:00:00,2017-12-16 04:00:00,405.0,406.0,410.0,409.67838378209706,4.6783837820970575,4.6783837820970575
2017-12-15 05:00:00,2017-12-16 05:00:00,400.0,408.0,409.0,406.9464430448043,6.946443044804312,6.946443044804312
2017-12-15 06:00:00,2017-12-16 06:00:00,405.0,409.0,408.0,408.15544212579715,3.155442125797151,3.155442125797151
2017-12-15 07:00:00,2017-12-16 07:00:00,402.0,414.0,407.0,406.6311921970636,4.631192197063626,4.631192197063626
2017-12-15 08:00:00,2017-12-16 08:00:00,406.0,415.0,406.0,405.42611735550037,-0.5738826444996334,0.5738826444996334
2017-12-15 09:00:00,2017-12-16 09:00:00,404.0,432.0,410.0,409.674599549769,5.674599549769027,5.674599549769027
2017-12-15 10:00:00,2017-12-16 10:00:00,411.0,450.0,413.0,414.0521772401053,3.0521772401053227,3.0521772401053227
2017-12-15 11:00:00,2017-12-16 11:00:00,418.0,463.0,415.0,423.3432424385357,5.343242438535697,5.343242438535697
2017-12-15 12:00:00,2017-12-16 12:00:00,417.0,465.0,421.0,424.50600753639685,7.506007536396851,7.506007536396851
2017-12-15 13:00:00,2017-12-16 13:00:00,414.0,473.0,419.0,427.69780859999025,13.697808599990253,13.697808599990253
2017-12-15 14:00:00,2017-12-16 14:00:00,418.0,476.0,425.0,428.4565677285951,10.456567728595076,10.456567728595076
2017-12-15 15:00:00,2017-12-16 15:00:00,423.0,471.0,431.0,429.0501454113241,6.050145411324081,6.050145411324081
2017-12-15 16:00:00,2017-12-16 16:00:00,422.0,463.0,432.0,431.2028363699952,9.202836369995225,9.202836369995225
2017-12-15 17:00:00,2017-12-16 17:00:00,425.0,457.0,430.0,427.12147413783737,2.1214741378373674,2.1214741378373674
2017-12-15 18:00:00,2017-12-16 18:00:00,421.0,447.0,423.0,424.782593425369,3.7825934253689866,3.7825934253689866
2017-12-15 19:00:00,2017-12-16 19:00:00,416.0,441.0,419.0,422.66663809862337,6.666638098623366,6.666638098623366
2017-12-15 20:00:00,2017-12-16 20:00:00,416.0,434.0,416.0,418.6319979987374,2.631997998737404,2.631997998737404
2017-12-15 21:00:00,2017-12-16 21:00:00,411.0,428.0,416.0,415.48814168151256,4.488141681512559,4.488141681512559
2017-12-15 22:00:00,2017-12-16 22:00:00,411.0,422.0,413.0,414.42995462416513,3.429954624165134,3.429954624165134
2017-12-15 23:00:00,2017-12-16 23:00:00,412.0,417.0,417.0,412.5153509392961,0.5153509392961269,0.5153509392961269
2017-12-16 00:00:00,2017-12-17 00:00:00,408.0,408.0,413.0,410.3657760030082,2.365776003008193,2.365776003008193
2017-12-16 01:00:00,2017-12-17 01:00:00,406.0,408.0,409.0,409.29556573367677,3.295565733676767,3.295565733676767
2017-12-16 02:00:00,2017-12-17 02:00:00,403.0,405.0,407.0,410.44245794585555,7.442457945855551,7.442457945855551
2017-12-16 03:00:00,2017-12-17 03:00:00,404.0,406.0,408.0,409.78975735649334,5.78975735649334,5.78975735649334
2017-12-16 04:00:00,2017-12-17 04:00:00,403.0,405.0,408.0,408.3482842718066,5.3482842718066195,5.3482842718066195
2017-12-16 05:00:00,2017-12-17 05:00:00,403.0,400.0,406.0,407.9285111580292,4.92851115802921,4.92851115802921
2017-12-16 06:00:00,2017-12-17 06:00:00,406.0,405.0,404.0,409.3723905316309,3.372390531630913,3.372390531630913
2017-12-16 07:00:00,2017-12-17 07:00:00,405.0,402.0,404.0,408.7608967046985,3.760896704698496,3.760896704698496
2017-12-16 08:00:00,2017-12-17 08:00:00,403.0,406.0,406.0,410.6188108829317,7.618810882931712,7.618810882931712
2017-12-16 09:00:00,2017-12-17 09:00:00,405.0,404.0,408.0,410.03519364828014,5.035193648280142,5.035193648280142
2017-12-16 10:00:00,2017-12-17 10:00:00,406.0,411.0,410.0,405.8250921773144,-0.17490782268561134,0.17490782268561134
2017-12-16 11:00:00,2017-12-17 11:00:00,413.0,418.0,416.0,410.7079824155211,-2.292017584478913,2.292017584478913
2017-12-16 12:00:00,2017-12-17 12:00:00,415.0,417.0,419.0,413.50793706077275,-1.492062939227253,1.492062939227253
2017-12-16 13:00:00,2017-12-17 13:00:00,418.0,414.0,418.0,412.12892279049595,-5.871077209504051,5.871077209504051
2017-12-16 14:00:00,2017-12-17 14:00:00,418.0,418.0,421.0,415.1361848116541,-2.863815188345882,2.863815188345882
2017-12-16 15:00:00,2017-12-17 15:00:00,421.0,423.0,425.0,417.1105842754167,-3.889415724583273,3.889415724583273
2017-12-16 16:00:00,2017-12-17 16:00:00,420.0,422.0,429.0,417.8103707462154,-2.189629253784574,2.189629253784574
2017-12-16 17:00:00,2017-12-17 17:00:00,423.0,425.0,426.0,420.4122825552009,-2.587717444799125,2.587717444799125
2017-12-16 18:00:00,2017-12-17 18:00:00,422.0,421.0,426.0,423.9094316945924,1.9094316945923993,1.9094316945923993
2017-12-16 19:00:00,2017-12-17 19:00:00,417.0,416.0,427.0,418.65936371181385,1.6593637118138531,1.6593637118138531
2017-12-16 20:00:00,2017-12-17 20:00:00,413.0,416.0,423.0,415.11955522764055,2.1195552276405465,2.1195552276405465
2017-12-16 21:00:00,2017-12-17 21:00:00,414.0,411.0,422.0,416.8821967743964,2.882196774396391,2.882196774396391
2017-12-16 22:00:00,2017-12-17 22:00:00,411.0,411.0,421.0,411.46780405997964,0.4678040599796418,0.4678040599796418
2017-12-16 23:00:00,2017-12-17 23:00:00,408.0,412.0,415.0,410.1965876677247,2.196587667724714,2.196587667724714
2017-12-17 00:00:00,2017-12-18 00:00:00,405.0,408.0,413.0,411.4110581657156,6.411058165715588,6.411058165715588
2017-12-17 01:00:00,2017-12-18 01:00:00,403.0,406.0,414.0,412.13852533293186,9.138525332931863,9.138525332931863
2017-12-17 02:00:00,2017-12-18 02:00:00,404.0,403.0,409.0,409.86390027105256,5.863900271052557,5.863900271052557
2017-12-17 03:00:00,2017-12-18 03:00:00,401.0,404.0,410.0,409.51493375770946,8.514933757709457,8.514933757709457
2017-12-17 04:00:00,2017-12-18 04:00:00,399.0,403.0,404.0,407.755372152836,8.755372152836003,8.755372152836003
2017-12-17 05:00:00,2017-12-18 05:00:00,400.0,403.0,405.0,410.0606544018344,10.060654401834427,10.060654401834427
2017-12-17 06:00:00,2017-12-18 06:00:00,401.0,406.0,407.0,413.97395777876545,12.973957778765453,12.973957778765453
2017-12-17 07:00:00,2017-12-18 07:00:00,404.0,405.0,409.0,416.4147582135528,12.414758213552773,12.414758213552773
2017-12-17 08:00:00,2017-12-18 08:00:00,414.0,403.0,416.0,418.89586710735654,4.895867107356537,4.895867107356537
2017-12-17 09:00:00,2017-12-18 09:00:00,427.0,405.0,427.0,426.26963028023323,-0.7303697197667702,0.7303697197667702
2017-12-17 10:00:00,2017-12-18 10:00:00,441.0,406.0,441.0,449.33827134665125,8.338271346651254,8.338271346651254
2017-12-17 11:00:00,2017-12-18 11:00:00,455.0,413.0,462.0,461.13120064758334,6.131200647583341,6.131200647583341
2017-12-17 12:00:00,2017-12-18 12:00:00,461.0,415.0,468.0,462.24403877154424,1.2440387715442398,1.2440387715442398
2017-12-17 13:00:00,2017-12-18 13:00:00,461.0,418.0,469.0,463.4879011239813,2.4879011239813167,2.4879011239813167
2017-12-17 14:00:00,2017-12-18 14:00:00,462.0,418.0,469.0,462.95794135918567,0.9579413591856678,0.9579413591856678
2017-12-17 15:00:00,2017-12-18 15:00:00,461.0,421.0,468.0,466.78069919848576,5.780699198485763,5.780699198485763
2017-12-17 16:00:00,2017-12-18 16:00:00,457.0,420.0,467.0,462.41283213428795,5.412832134287953,5.412832134287953
2017-12-17 17:00:00,2017-12-18 17:00:00,456.0,423.0,467.0,455.91562738867935,-0.08437261132064577,0.08437261132064577
2017-12-17 18:00:00,2017-12-18 18:00:00,452.0,422.0,456.0,451.40386324925043,-0.5961367507495652,0.5961367507495652
2017-12-17 19:00:00,2017-12-18 19:00:00,441.0,417.0,451.0,445.8172870746047,4.817287074604678,4.817287074604678
2017-12-17 20:00:00,2017-12-18 20:00:00,434.0,413.0,440.0,443.52832498552243,9.528324985522431,9.528324985522431
2017-12-17 21:00:00,2017-12-18 21:00:00,431.0,414.0,428.0,437.5624798343829,6.562479834382884,6.562479834382884
2017-12-17 22:00:00,2017-12-18 22:00:00,425.0,411.0,429.0,429.21053685846846,4.210536858468458,4.210536858468458
2017-12-17 23:00:00,2017-12-18 23:00:00,424.0,408.0,419.0,425.78187625531535,1.7818762553153533,1.7818762553153533
2017-12-18 00:00:00,2017-12-19 00:00:00,415.0,405.0,417.0,419.1535169955232,4.153516995523205,4.153516995523205
2017-12-18 01:00:00,2017-12-19 01:00:00,417.0,403.0,415.0,416.83199811124274,-0.16800188875726008,0.16800188875726008
2017-12-18 02:00:00,2017-12-19 02:00:00,417.0,404.0,412.0,417.7529489845999,0.7529489845999251,0.7529489845999251
2017-12-18 03:00:00,2017-12-19 03:00:00,417.0,401.0,410.0,415.5319075311511,-1.4680924688489085,1.4680924688489085
2017-12-18 04:00:00,2017-12-19 04:00:00,417.0,399.0,408.0,412.91022736015304,-4.089772639846956,4.089772639846956
2017-12-18 05:00:00,2017-12-19 05:00:00,415.0,400.0,406.0,412.131556041814,-2.868443958185992,2.868443958185992
2017-12-18 06:00:00,2017-12-19 06:00:00,418.0,401.0,406.0,416.6909712362172,-1.3090287637828055,1.3090287637828055
2017-12-18 07:00:00,2017-12-19 07:00:00,421.0,404.0,408.0,420.71960189387903,-0.2803981061209697,0.2803981061209697
2017-12-18 08:00:00,2017-12-19 08:00:00,427.0,414.0,421.0,421.2494108057951,-5.750589194204906,5.750589194204906
2017-12-18 09:00:00,2017-12-19 09:00:00,437.0,427.0,433.0,435.1980298929313,-1.801970107068712,1.801970107068712
2017-12-18 10:00:00,2017-12-19 10:00:00,447.0,441.0,446.0,449.5346044000072,2.534604400007197,2.534604400007197
2017-12-18 11:00:00,2017-12-19 11:00:00,460.0,455.0,459.0,461.76696794700365,1.76696794700365,1.76696794700365
2017-12-18 12:00:00,2017-12-19 12:00:00,463.0,461.0,464.0,464.51179449484795,1.5117944948479476,1.5117944948479476
2017-12-18 13:00:00,2017-12-19 13:00:00,460.0,461.0,468.0,462.0620206749771,2.0620206749770773,2.0620206749770773
2017-12-18 14:00:00,2017-12-19 14:00:00,466.0,462.0,465.0,460.97416209803157,-5.02583790196843,5.02583790196843
2017-12-18 15:00:00,2017-12-19 15:00:00,466.0,461.0,463.0,459.2675418451228,-6.732458154877179,6.732458154877179
2017-12-18 16:00:00,2017-12-19 16:00:00,467.0,457.0,461.0,455.57368410776064,-11.426315892239359,11.426315892239359
2017-12-18 17:00:00,2017-12-19 17:00:00,467.0,456.0,459.0,454.8237706676822,-12.176229332317803,12.176229332317803
2017-12-18 18:00:00,2017-12-19 18:00:00,461.0,452.0,456.0,451.01520381425365,-9.984796185746347,9.984796185746347
2017-12-18 19:00:00,2017-12-19 19:00:00,448.0,441.0,446.0,439.96797870327197,-8.032021296728033,8.032021296728033
2017-12-18 20:00:00,2017-12-19 20:00:00,440.0,434.0,436.0,434.9046319694767,-5.095368030523275,5.095368030523275
2017-12-18 21:00:00,2017-12-19 21:00:00,434.0,431.0,432.0,430.3570803081369,-3.642919691863085,3.642919691863085
2017-12-18 22:00:00,2017-12-19 22:00:00,429.0,425.0,429.0,425.16975886259706,-3.830241137402936,3.830241137402936
2017-12-18 23:00:00,2017-12-19 23:00:00,428.0,424.0,420.0,421.87382484198736,-6.126175158012643,6.126175158012643
2017-12-19 00:00:00,2017-12-20 00:00:00,425.0,415.0,419.0,413.8085762078801,-11.191423792119906,11.191423792119906
2017-12-19 01:00:00,2017-12-20 01:00:00,422.0,417.0,409.0,414.0355950357615,-7.964404964238497,7.964404964238497
2017-12-19 02:00:00,2017-12-20 02:00:00,419.0,417.0,410.0,413.8180184110569,-5.181981588943074,5.181981588943074
2017-12-19 03:00:00,2017-12-20 03:00:00,418.0,417.0,409.0,413.1671812367503,-4.832818763249691,4.832818763249691
2017-12-19 04:00:00,2017-12-20 04:00:00,416.0,417.0,407.0,413.1299654282181,-2.8700345717819005,2.8700345717819005
2017-12-19 05:00:00,2017-12-20 05:00:00,417.0,415.0,407.0,409.9733349756447,-7.026665024355282,7.026665024355282
2017-12-19 06:00:00,2017-12-20 06:00:00,417.0,418.0,406.0,415.0091243612633,-1.9908756387367248,1.9908756387367248
2017-12-19 07:00:00,2017-12-20 07:00:00,422.0,421.0,410.0,421.2943604212588,-0.7056395787412271,0.7056395787412271
2017-12-19 08:00:00,2017-12-20 08:00:00,422.0,427.0,417.0,426.71593396549866,4.715933965498664,4.715933965498664
2017-12-19 09:00:00,2017-12-20 09:00:00,433.0,437.0,424.0,435.4251494274034,2.4251494274034258,2.4251494274034258
2017-12-19 10:00:00,2017-12-20 10:00:00,449.0,447.0,441.0,448.10716935482264,-0.8928306451773551,0.8928306451773551
2017-12-19 11:00:00,2017-12-20 11:00:00,456.0,460.0,459.0,461.38647017876696,5.386470178766956,5.386470178766956
2017-12-19 12:00:00,2017-12-20 12:00:00,461.0,463.0,469.0,461.36088232593147,0.3608823259314704,0.3608823259314704
2017-12-19 13:00:00,2017-12-20 13:00:00,457.0,460.0,473.0,462.42454441110414,5.4245444111041365,5.4245444111041365
2017-12-19 14:00:00,2017-12-20 14:00:00,456.0,466.0,470.0,467.43471082679093,11.434710826790933,11.434710826790933
2017-12-19 15:00:00,2017-12-20 15:00:00,455.0,466.0,477.0,467.6651763098008,12.665176309800813,12.665176309800813
2017-12-19 16:00:00,2017-12-20 16:00:00,456.0,467.0,468.0,467.57498760725974,11.574987607259743,11.574987607259743
2017-12-19 17:00:00,2017-12-20 17:00:00,454.0,467.0,467.0,465.903431853916,11.903431853916004,11.903431853916004
2017-12-19 18:00:00,2017-12-20 18:00:00,451.0,461.0,463.0,457.61559033381695,6.615590333816954,6.615590333816954
2017-12-19 19:00:00,2017-12-20 19:00:00,439.0,448.0,447.0,445.900890461995,6.900890461995004,6.900890461995004
2017-12-19 20:00:00,2017-12-20 20:00:00,433.0,440.0,432.0,438.0847466478261,5.08474664782608,5.08474664782608
2017-12-19 21:00:00,2017-12-20 21:00:00,424.0,434.0,427.0,434.3259755382445,10.325975538244506,10.325975538244506
2017-12-19 22:00:00,2017-12-20 22:00:00,418.0,429.0,428.0,429.85475516193077,11.854755161930768,11.854755161930768
2017-12-19 23:00:00,2017-12-20 23:00:00,419.0,428.0,422.0,428.74219037824247,9.74219037824247,9.74219037824247
2017-12-20 00:00:00,2017-12-21 00:00:00,415.0,425.0,416.0,426.5097884852331,11.509788485233116,11.509788485233116
2017-12-20 01:00:00,2017-12-21 01:00:00,416.0,422.0,411.0,421.82458406925906,5.8245840692590605,5.8245840692590605
2017-12-20 02:00:00,2017-12-21 02:00:00,413.0,419.0,410.0,416.490163698884,3.4901636988839755,3.4901636988839755
2017-12-20 03:00:00,2017-12-21 03:00:00,409.0,418.0,407.0,415.978752640675,6.978752640674998,6.978752640674998
2017-12-20 04:00:00,2017-12-21 04:00:00,407.0,416.0,405.0,414.15101095007947,7.151010950079467,7.151010950079467
2017-12-20 05:00:00,2017-12-21 05:00:00,408.0,417.0,405.0,414.21918712972155,6.219187129721547,6.219187129721547
2017-12-20 06:00:00,2017-12-21 06:00:00,408.0,417.0,407.0,416.5385089230634,8.538508923063375,8.538508923063375
2017-12-20 07:00:00,2017-12-21 07:00:00,412.0,422.0,410.0,421.07611541267624,9.076115412676245,9.076115412676245
2017-12-20 08:00:00,2017-12-21 08:00:00,416.0,422.0,414.0,423.69408857723806,7.6940885772380625,7.6940885772380625
2017-12-20 09:00:00,2017-12-21 09:00:00,424.0,433.0,425.0,434.90695254053094,10.906952540530938,10.906952540530938
2017-12-20 10:00:00,2017-12-21 10:00:00,438.0,449.0,444.0,448.8439026557926,10.84390265579259,10.84390265579259
2017-12-20 11:00:00,2017-12-21 11:00:00,452.0,456.0,462.0,461.6915889416326,9.691588941632574,9.691588941632574
2017-12-20 12:00:00,2017-12-21 12:00:00,460.0,461.0,466.0,464.74141494823226,4.741414948232261,4.741414948232261
2017-12-20 13:00:00,2017-12-21 13:00:00,460.0,457.0,468.0,464.117290556823,4.117290556822979,4.117290556822979
2017-12-20 14:00:00,2017-12-21 14:00:00,456.0,456.0,471.0,463.7192249982262,7.719224998226196,7.719224998226196
2017-12-20 15:00:00,2017-12-21 15:00:00,458.0,455.0,468.0,465.58972441600514,7.58972441600514,7.58972441600514
2017-12-20 16:00:00,2017-12-21 16:00:00,455.0,456.0,465.0,463.7298515900601,8.729851590060093,8.729851590060093
2017-12-20 17:00:00,2017-12-21 17:00:00,454.0,454.0,463.0,460.1363259268777,6.136325926877703,6.136325926877703
2017-12-20 18:00:00,2017-12-21 18:00:00,445.0,451.0,457.0,459.69687056077817,14.696870560778166,14.696870560778166
2017-12-20 19:00:00,2017-12-21 19:00:00,436.0,439.0,448.0,445.79982072113455,9.799820721134552,9.799820721134552
2017-12-20 20:00:00,2017-12-21 20:00:00,434.0,433.0,443.0,442.1174674786645,8.11746747866448,8.11746747866448
2017-12-20 21:00:00,2017-12-21 21:00:00,419.0,424.0,439.0,429.3205154502017,10.320515450201697,10.320515450201697
2017-12-20 22:00:00,2017-12-21 22:00:00,416.0,418.0,430.0,422.7151488665665,6.715148866566494,6.715148866566494
2017-12-20 23:00:00,2017-12-21 23:00:00,411.0,419.0,423.0,421.64193765797205,10.64193765797205,10.64193765797205
2017-12-21 00:00:00,2017-12-22 00:00:00,409.0,415.0,417.0,412.02314600272445,3.0231460027244452,3.0231460027244452
2017-12-21 01:00:00,2017-12-22 01:00:00,405.0,416.0,413.0,409.8114434535728,4.811443453572792,4.811443453572792
2017-12-21 02:00:00,2017-12-22 02:00:00,403.0,413.0,411.0,407.6549102832427,4.654910283242714,4.654910283242714
2017-12-21 03:00:00,2017-12-22 03:00:00,403.0,409.0,409.0,410.06194618087113,7.061946180871132,7.061946180871132
2017-12-21 04:00:00,2017-12-22 04:00:00,405.0,407.0,406.0,413.19191035961563,8.191910359615633,8.191910359615633
2017-12-21 05:00:00,2017-12-22 05:00:00,402.0,408.0,408.0,411.35275112209484,9.352751122094844,9.352751122094844
2017-12-21 06:00:00,2017-12-22 06:00:00,405.0,408.0,409.0,410.6216306500155,5.621630650015504,5.621630650015504
2017-12-21 07:00:00,2017-12-22 07:00:00,405.0,412.0,414.0,409.1297982920119,4.1297982920119125,4.1297982920119125
2017-12-21 08:00:00,2017-12-22 08:00:00,427.0,416.0,415.0,412.0355297507229,-14.964470249277099,14.964470249277099
2017-12-21 09:00:00,2017-12-22 09:00:00,409.0,424.0,432.0,419.7301570926442,10.73015709264422,10.73015709264422
2017-12-21 10:00:00,2017-12-22 10:00:00,436.0,438.0,450.0,429.982913484911,-6.017086515088977,6.017086515088977
2017-12-21 11:00:00,2017-12-22 11:00:00,444.0,452.0,463.0,447.78069870234646,3.7806987023464558,3.7806987023464558
2017-12-21 12:00:00,2017-12-22 12:00:00,440.0,460.0,465.0,453.96690483602856,13.966904836028561,13.966904836028561
2017-12-21 13:00:00,2017-12-22 13:00:00,425.0,460.0,473.0,453.00630239857315,28.006302398573155,28.006302398573155
2017-12-21 14:00:00,2017-12-22 14:00:00,431.0,456.0,476.0,451.05797993294766,20.05797993294766,20.05797993294766
2017-12-21 15:00:00,2017-12-22 15:00:00,426.0,458.0,471.0,452.1663053762913,26.16630537629129,26.16630537629129
2017-12-21 16:00:00,2017-12-22 16:00:00,423.0,455.0,463.0,448.0888133627505,25.0888133627505,25.0888133627505
2017-12-21 17:00:00,2017-12-22 17:00:00,420.0,454.0,457.0,446.997139634405,26.997139634405016,26.997139634405016
2017-12-21 18:00:00,2017-12-22 18:00:00,410.0,445.0,447.0,437.31306511990744,27.313065119907435,27.313065119907435
2017-12-21 19:00:00,2017-12-22 19:00:00,399.0,436.0,441.0,429.7384528681919,30.738452868191928,30.738452868191928
2017-12-21 20:00:00,2017-12-22 20:00:00,395.0,434.0,434.0,427.4002621872295,32.40026218722949,32.40026218722949
2017-12-21 21:00:00,2017-12-22 21:00:00,393.0,419.0,428.0,416.4673453329546,23.467345332954608,23.467345332954608
2017-12-21 22:00:00,2017-12-22 22:00:00,389.0,416.0,422.0,412.5119877177951,23.51198771779508,23.51198771779508
2017-12-21 23:00:00,2017-12-22 23:00:00,389.0,411.0,417.0,409.09638774709657,20.09638774709657,20.09638774709657
2017-12-22 00:00:00,2017-12-23 00:00:00,389.0,409.0,408.0,408.2837369552106,19.2837369552106,19.2837369552106
2017-12-22 01:00:00,2017-12-23 01:00:00,387.0,405.0,408.0,408.53789541723677,21.53789541723677,21.53789541723677
2017-12-22 02:00:00,2017-12-23 02:00:00,385.0,403.0,405.0,408.33893237627797,23.338932376277967,23.338932376277967
2017-12-22 03:00:00,2017-12-23 03:00:00,386.0,403.0,406.0,408.1629428459777,22.162942845977682,22.162942845977682
2017-12-22 04:00:00,2017-12-23 04:00:00,385.0,405.0,405.0,408.8685973733855,23.868597373385512,23.868597373385512
2017-12-22 05:00:00,2017-12-23 05:00:00,384.0,402.0,400.0,408.44538353683237,24.445383536832367,24.445383536832367
2017-12-22 06:00:00,2017-12-23 06:00:00,385.0,405.0,405.0,409.7910596242263,24.791059624226307,24.791059624226307
2017-12-22 07:00:00,2017-12-23 07:00:00,387.0,405.0,402.0,407.26015641573247,20.260156415732467,20.260156415732467
2017-12-22 08:00:00,2017-12-23 08:00:00,382.0,427.0,406.0,407.89302290481817,25.893022904818167,25.893022904818167
2017-12-22 09:00:00,2017-12-23 09:00:00,389.0,409.0,404.0,408.5725945871867,19.5725945871867,19.5725945871867
2017-12-22 10:00:00,2017-12-23 10:00:00,385.0,436.0,411.0,409.7205591454014,24.72055914540141,24.72055914540141
2017-12-22 11:00:00,2017-12-23 11:00:00,388.0,444.0,418.0,413.34744204911294,25.347442049112942,25.347442049112942
2017-12-22 12:00:00,2017-12-23 12:00:00,394.0,440.0,417.0,413.99495956427745,19.99495956427745,19.99495956427745
2017-12-22 13:00:00,2017-12-23 13:00:00,396.0,425.0,414.0,416.92766469025815,20.927664690258155,20.927664690258155
2017-12-22 14:00:00,2017-12-23 14:00:00,395.0,431.0,418.0,419.92955218163036,24.929552181630356,24.929552181630356
2017-12-22 15:00:00,2017-12-23 15:00:00,399.0,426.0,423.0,419.42415751595706,20.424157515957063,20.424157515957063
2017-12-22 16:00:00,2017-12-23 16:00:00,399.0,423.0,422.0,415.8950223565197,16.89502235651969,16.89502235651969
2017-12-22 17:00:00,2017-12-23 17:00:00,400.0,420.0,425.0,414.3709807700858,14.370980770085794,14.370980770085794
2017-12-22 18:00:00,2017-12-23 18:00:00,399.0,410.0,421.0,415.4521823943877,16.452182394387705,16.452182394387705
2017-12-22 19:00:00,2017-12-23 19:00:00,398.0,399.0,416.0,419.0372547344724,21.037254734472413,21.037254734472413
2017-12-22 20:00:00,2017-12-23 20:00:00,396.0,395.0,416.0,417.5553790937166,21.555379093716624,21.555379093716624
2017-12-22 21:00:00,2017-12-23 21:00:00,389.0,393.0,411.0,414.9661551621925,25.96615516219248,25.96615516219248
2017-12-22 22:00:00,2017-12-23 22:00:00,392.0,389.0,411.0,413.6886205759415,21.688620575941513,21.688620575941513
2017-12-22 23:00:00,2017-12-23 23:00:00,392.0,389.0,412.0,411.87925956862665,19.87925956862665,19.87925956862665
2017-12-23 00:00:00,2017-12-24 00:00:00,391.0,389.0,408.0,406.5070515145052,15.507051514505179,15.507051514505179
2017-12-23 01:00:00,2017-12-24 01:00:00,390.0,387.0,406.0,405.24101724040605,15.241017240406052,15.241017240406052
2017-12-23 02:00:00,2017-12-24 02:00:00,388.0,385.0,403.0,403.59876309963505,15.59876309963505,15.59876309963505
2017-12-23 03:00:00,2017-12-24 03:00:00,390.0,386.0,404.0,402.940543256602,12.940543256601984,12.940543256601984
2017-12-23 04:00:00,2017-12-24 04:00:00,387.0,385.0,403.0,401.9580901993702,14.95809019937019,14.95809019937019
2017-12-23 05:00:00,2017-12-24 05:00:00,386.0,384.0,403.0,402.087545892957,16.087545892956996,16.087545892956996
2017-12-23 06:00:00,2017-12-24 06:00:00,387.0,385.0,406.0,404.15347837175375,17.15347837175375,17.15347837175375
2017-12-23 07:00:00,2017-12-24 07:00:00,385.0,387.0,405.0,405.6754564949055,20.675456494905518,20.675456494905518
2017-12-23 08:00:00,2017-12-24 08:00:00,388.0,382.0,403.0,405.64889309869346,17.648893098693463,17.648893098693463
2017-12-23 09:00:00,2017-12-24 09:00:00,389.0,389.0,405.0,411.9963322547692,22.996332254769186,22.996332254769186
2017-12-23 10:00:00,2017-12-24 10:00:00,387.0,385.0,406.0,413.96023714189295,26.960237141892947,26.960237141892947
2017-12-23 11:00:00,2017-12-24 11:00:00,387.0,388.0,413.0,411.6342806784927,24.6342806784927,24.6342806784927
2017-12-23 12:00:00,2017-12-24 12:00:00,389.0,394.0,415.0,412.5301338747828,23.53013387478279,23.53013387478279
2017-12-23 13:00:00,2017-12-24 13:00:00,391.0,396.0,418.0,414.61585155169416,23.615851551694163,23.615851551694163
2017-12-23 14:00:00,2017-12-24 14:00:00,394.0,395.0,418.0,415.6785977572165,21.678597757216494,21.678597757216494
2017-12-23 15:00:00,2017-12-24 15:00:00,392.0,399.0,421.0,419.53609652284115,27.53609652284115,27.53609652284115
2017-12-23 16:00:00,2017-12-24 16:00:00,393.0,399.0,420.0,421.64632605777194,28.646326057771944,28.646326057771944
2017-12-23 17:00:00,2017-12-24 17:00:00,394.0,400.0,423.0,422.50331984829415,28.503319848294154,28.503319848294154
2017-12-23 18:00:00,2017-12-24 18:00:00,391.0,399.0,422.0,425.52186379001085,34.521863790010855,34.521863790010855
2017-12-23 19:00:00,2017-12-24 19:00:00,390.0,398.0,417.0,427.15179865396794,37.151798653967944,37.151798653967944
2017-12-23 20:00:00,2017-12-24 20:00:00,394.0,396.0,413.0,424.3802304379473,30.38023043794732,30.38023043794732
2017-12-23 21:00:00,2017-12-24 21:00:00,395.0,389.0,414.0,417.01014385773965,22.01014385773965,22.01014385773965
2017-12-23 22:00:00,2017-12-24 22:00:00,388.0,392.0,411.0,417.54724366130216,29.54724366130216,29.54724366130216
2017-12-23 23:00:00,2017-12-24 23:00:00,387.0,392.0,408.0,416.31592890601695,29.31592890601695,29.31592890601695
2017-12-24 00:00:00,2017-12-25 00:00:00,387.0,391.0,405.0,411.9335626794087,24.93356267940868,24.93356267940868
2017-12-24 01:00:00,2017-12-25 01:00:00,385.0,390.0,403.0,410.42359017348315,25.42359017348315,25.42359017348315
2017-12-24 02:00:00,2017-12-25 02:00:00,386.0,388.0,404.0,406.9800773860622,20.98007738606219,20.98007738606219
2017-12-24 03:00:00,2017-12-25 03:00:00,387.0,390.0,401.0,407.1481898975588,20.14818989755878,20.14818989755878
2017-12-24 04:00:00,2017-12-25 04:00:00,387.0,387.0,399.0,404.52229598268764,17.522295982687638,17.522295982687638
2017-12-24 05:00:00,2017-12-25 05:00:00,385.0,386.0,400.0,403.93459524474906,18.93459524474906,18.93459524474906
2017-12-24 06:00:00,2017-12-25 06:00:00,385.0,387.0,401.0,405.39300137690526,20.39300137690526,20.39300137690526
2017-12-24 07:00:00,2017-12-25 07:00:00,382.0,385.0,404.0,409.1381235845941,27.138123584594098,27.138123584594098
2017-12-24 08:00:00,2017-12-25 08:00:00,384.0,388.0,414.0,415.7584953946555,31.758495394655483,31.758495394655483
2017-12-24 09:00:00,2017-12-25 09:00:00,384.0,389.0,427.0,423.3465322920606,39.3465322920606,39.3465322920606
2017-12-24 10:00:00,2017-12-25 10:00:00,385.0,387.0,441.0,435.2325035437857,50.2325035437857,50.2325035437857
2017-12-24 11:00:00,2017-12-25 11:00:00,385.0,387.0,455.0,452.36119934842344,67.36119934842344,67.36119934842344
2017-12-24 12:00:00,2017-12-25 12:00:00,388.0,389.0,461.0,454.9861606809062,66.98616068090621,66.98616068090621
2017-12-24 13:00:00,2017-12-25 13:00:00,390.0,391.0,461.0,453.7228556136972,63.72285561369722,63.72285561369722
2017-12-24 14:00:00,2017-12-25 14:00:00,389.0,394.0,462.0,457.6856630904048,68.68566309040477,68.68566309040477
2017-12-24 15:00:00,2017-12-25 15:00:00,387.0,392.0,461.0,457.92908927157447,70.92908927157447,70.92908927157447
2017-12-24 16:00:00,2017-12-25 16:00:00,390.0,393.0,457.0,457.70604366674235,67.70604366674235,67.70604366674235
2017-12-24 17:00:00,2017-12-25 17:00:00,390.0,394.0,456.0,457.5743915732746,67.57439157327462,67.57439157327462
2017-12-24 18:00:00,2017-12-25 18:00:00,387.0,391.0,452.0,454.1578145071757,67.15781450717571,67.15781450717571
2017-12-24 19:00:00,2017-12-25 19:00:00,386.0,390.0,441.0,443.4456337137895,57.445633713789505,57.445633713789505
2017-12-24 20:00:00,2017-12-25 20:00:00,383.0,394.0,434.0,440.9120305961544,57.91203059615441,57.91203059615441
2017-12-24 21:00:00,2017-12-25 21:00:00,383.0,395.0,431.0,428.6326200218304,45.632620021830405,45.632620021830405
2017-12-24 22:00:00,2017-12-25 22:00:00,382.0,388.0,425.0,419.9053087306781,37.90530873067809,37.90530873067809
2017-12-24 23:00:00,2017-12-25 23:00:00,382.0,387.0,424.0,415.5801485752667,33.58014857526672,33.58014857526672
2017-12-25 00:00:00,2017-12-26 00:00:00,379.0,387.0,415.0,406.23768606790384,27.237686067903837,27.237686067903837
2017-12-25 01:00:00,2017-12-26 01:00:00,382.0,385.0,417.0,405.1790927877439,23.17909278774391,23.17909278774391
2017-12-25 02:00:00,2017-12-26 02:00:00,382.0,386.0,417.0,402.0192989850615,20.019298985061482,20.019298985061482
2017-12-25 03:00:00,2017-12-26 03:00:00,383.0,387.0,417.0,401.9453050999863,18.945305099986285,18.945305099986285
2017-12-25 04:00:00,2017-12-26 04:00:00,381.0,387.0,417.0,401.9080892914541,20.908089291454075,20.908089291454075
2017-12-25 05:00:00,2017-12-26 05:00:00,383.0,385.0,415.0,405.02620531366296,22.026205313662956,22.026205313662956
2017-12-25 06:00:00,2017-12-26 06:00:00,382.0,385.0,418.0,405.65547323336534,23.655473233365342,23.655473233365342
2017-12-25 07:00:00,2017-12-26 07:00:00,381.0,382.0,421.0,408.08546349302185,27.085463493021848,27.085463493021848
2017-12-25 08:00:00,2017-12-26 08:00:00,381.0,384.0,427.0,422.96585561717916,41.96585561717916,41.96585561717916
2017-12-25 09:00:00,2017-12-26 09:00:00,381.0,384.0,437.0,419.9028354426938,38.9028354426938,38.9028354426938
2017-12-25 10:00:00,2017-12-26 10:00:00,385.0,385.0,447.0,436.6180819520875,51.61808195208749,51.61808195208749
2017-12-25 11:00:00,2017-12-26 11:00:00,392.0,385.0,460.0,451.8188963653485,59.81889636534851,59.81889636534851
2017-12-25 12:00:00,2017-12-26 12:00:00,393.0,388.0,463.0,451.5422782606149,58.54227826061492,58.54227826061492
2017-12-25 13:00:00,2017-12-26 13:00:00,394.0,390.0,460.0,436.8496355271595,42.84963552715948,42.84963552715948
2017-12-25 14:00:00,2017-12-26 14:00:00,396.0,389.0,466.0,444.50325995943723,48.50325995943723,48.50325995943723
2017-12-25 15:00:00,2017-12-26 15:00:00,397.0,387.0,466.0,437.5599067716538,40.5599067716538,40.5599067716538
2017-12-25 16:00:00,2017-12-26 16:00:00,399.0,390.0,467.0,434.84439158344276,35.84439158344276,35.84439158344276
2017-12-25 17:00:00,2017-12-26 17:00:00,400.0,390.0,467.0,434.16977603111536,34.16977603111536,34.16977603111536
2017-12-25 18:00:00,2017-12-26 18:00:00,396.0,387.0,461.0,422.85091378775934,26.85091378775934,26.85091378775934
2017-12-25 19:00:00,2017-12-26 19:00:00,396.0,386.0,448.0,417.3395983075141,21.33959830751411,21.33959830751411
2017-12-25 20:00:00,2017-12-26 20:00:00,392.0,383.0,440.0,421.19064476329265,29.190644763292653,29.190644763292653
2017-12-25 21:00:00,2017-12-26 21:00:00,386.0,383.0,434.0,419.6807974635595,33.680797463559486,33.680797463559486
2017-12-25 22:00:00,2017-12-26 22:00:00,385.0,382.0,429.0,423.867787217963,38.867787217962984,38.867787217962984
2017-12-25 23:00:00,2017-12-26 23:00:00,384.0,382.0,428.0,423.9163651349555,39.91636513495553,39.91636513495553
2017-12-26 00:00:00,2017-12-27 00:00:00,385.0,379.0,425.0,414.3713075657152,29.3713075657152,29.3713075657152
2017-12-26 01:00:00,2017-12-27 01:00:00,386.0,382.0,422.0,412.4868250066207,26.486825006620677,26.486825006620677
2017-12-26 02:00:00,2017-12-27 02:00:00,385.0,382.0,419.0,420.9922680251949,35.9922680251949,35.9922680251949
2017-12-26 03:00:00,2017-12-27 03:00:00,386.0,383.0,418.0,411.7439986973592,25.74399869735919,25.74399869735919
2017-12-26 04:00:00,2017-12-27 04:00:00,384.0,381.0,416.0,415.7331629893083,31.733162989308312,31.733162989308312
2017-12-26 05:00:00,2017-12-27 05:00:00,385.0,383.0,417.0,421.4412587395843,36.44125873958433,36.44125873958433
2017-12-26 06:00:00,2017-12-27 06:00:00,383.0,382.0,417.0,418.9807921470015,35.98079214700152,35.98079214700152
2017-12-26 07:00:00,2017-12-27 07:00:00,386.0,381.0,422.0,418.58520609615414,32.58520609615414,32.58520609615414
2017-12-26 08:00:00,2017-12-27 08:00:00,385.0,381.0,422.0,430.9336319522724,45.93363195227238,45.93363195227238
2017-12-26 09:00:00,2017-12-27 09:00:00,389.0,381.0,433.0,422.2938690236023,33.293869023602326,33.293869023602326
2017-12-26 10:00:00,2017-12-27 10:00:00,401.0,385.0,449.0,429.56364206993953,28.563642069939533,28.563642069939533
2017-12-26 11:00:00,2017-12-27 11:00:00,407.0,392.0,456.0,430.8669692944622,23.866969294462194,23.866969294462194
2017-12-26 12:00:00,2017-12-27 12:00:00,413.0,393.0,461.0,430.62610088886913,17.626100888869132,17.626100888869132
2017-12-26 13:00:00,2017-12-27 13:00:00,413.0,394.0,457.0,429.10348665686394,16.103486656863936,16.103486656863936
2017-12-26 14:00:00,2017-12-27 14:00:00,424.0,396.0,456.0,433.2828781217065,9.282878121706517,9.282878121706517
2017-12-26 15:00:00,2017-12-27 15:00:00,426.0,397.0,455.0,429.25114875352006,3.251148753520056,3.251148753520056
2017-12-26 16:00:00,2017-12-27 16:00:00,424.0,399.0,456.0,430.1037047601717,6.103704760171695,6.103704760171695
2017-12-26 17:00:00,2017-12-27 17:00:00,426.0,400.0,454.0,428.8994314779532,2.8994314779532147,2.8994314779532147
2017-12-26 18:00:00,2017-12-27 18:00:00,419.0,396.0,451.0,431.0106227674091,12.010622767409075,12.010622767409075
2017-12-26 19:00:00,2017-12-27 19:00:00,414.0,396.0,439.0,430.36098164488203,16.36098164488203,16.36098164488203
2017-12-26 20:00:00,2017-12-27 20:00:00,412.0,392.0,433.0,426.29355612572596,14.293556125725956,14.293556125725956
2017-12-26 21:00:00,2017-12-27 21:00:00,410.0,386.0,424.0,422.5032484535666,12.503248453566584,12.503248453566584
2017-12-26 22:00:00,2017-12-27 22:00:00,404.0,385.0,418.0,423.768647842874,19.768647842873975,19.768647842873975
2017-12-26 23:00:00,2017-12-27 23:00:00,403.0,384.0,419.0,423.14970639985245,20.149706399852448,20.149706399852448
2017-12-27 00:00:00,2017-12-28 00:00:00,402.0,385.0,415.0,420.58008153040015,18.58008153040015,18.58008153040015
2017-12-27 01:00:00,2017-12-28 01:00:00,402.0,386.0,416.0,412.89913170094826,10.89913170094826,10.89913170094826
2017-12-27 02:00:00,2017-12-28 02:00:00,401.0,385.0,413.0,413.2407214314903,12.240721431490272,12.240721431490272
2017-12-27 03:00:00,2017-12-28 03:00:00,400.0,386.0,409.0,409.71343207024165,9.713432070241652,9.713432070241652
2017-12-27 04:00:00,2017-12-28 04:00:00,400.0,384.0,407.0,413.1710411169364,13.171041116936408,13.171041116936408
2017-12-27 05:00:00,2017-12-28 05:00:00,400.0,385.0,408.0,410.91088714586266,10.91088714586266,10.91088714586266
2017-12-27 06:00:00,2017-12-28 06:00:00,397.0,383.0,408.0,413.74719960886284,16.747199608862843,16.747199608862843
2017-12-27 07:00:00,2017-12-28 07:00:00,399.0,386.0,412.0,416.1841931330356,17.184193133035592,17.184193133035592
2017-12-27 08:00:00,2017-12-28 08:00:00,414.0,385.0,416.0,424.9543847765075,10.954384776507482,10.954384776507482
2017-12-27 09:00:00,2017-12-28 09:00:00,400.0,389.0,424.0,421.6050224999538,21.605022499953805,21.605022499953805
2017-12-27 10:00:00,2017-12-28 10:00:00,414.0,401.0,438.0,430.962730921365,16.962730921364994,16.962730921364994
2017-12-27 11:00:00,2017-12-28 11:00:00,420.0,407.0,452.0,434.28828820238164,14.288288202381636,14.288288202381636
2017-12-27 12:00:00,2017-12-28 12:00:00,422.0,413.0,460.0,430.9133307692436,8.9133307692436,8.9133307692436
2017-12-27 13:00:00,2017-12-28 13:00:00,427.0,413.0,460.0,429.78257968853234,2.782579688532337,2.782579688532337
2017-12-27 14:00:00,2017-12-28 14:00:00,426.0,424.0,456.0,442.14245947180194,16.142459471801942,16.142459471801942
2017-12-27 15:00:00,2017-12-28 15:00:00,427.0,426.0,458.0,446.2960777671262,19.296077767126178,19.296077767126178
2017-12-27 16:00:00,2017-12-28 16:00:00,426.0,424.0,455.0,441.7289819979484,15.728981997948381,15.728981997948381
2017-12-27 17:00:00,2017-12-28 17:00:00,427.0,426.0,454.0,443.94332226534453,16.943322265344534,16.943322265344534
2017-12-27 18:00:00,2017-12-28 18:00:00,424.0,419.0,445.0,432.76711993248495,8.767119932484945,8.767119932484945
2017-12-27 19:00:00,2017-12-28 19:00:00,419.0,414.0,436.0,428.50393265962913,9.503932659629129,9.503932659629129
2017-12-27 20:00:00,2017-12-28 20:00:00,414.0,412.0,434.0,424.48121848883784,10.48121848883784,10.48121848883784
2017-12-27 21:00:00,2017-12-28 21:00:00,407.0,410.0,419.0,425.4192377231065,18.419237723106505,18.419237723106505
2017-12-27 22:00:00,2017-12-28 22:00:00,403.0,404.0,416.0,427.2106764106701,24.21067641067009,24.21067641067009
2017-12-27 23:00:00,2017-12-28 23:00:00,404.0,403.0,411.0,427.6231513732697,23.623151373269707,23.623151373269707
2017-12-28 00:00:00,2017-12-29 00:00:00,403.0,402.0,409.0,418.7954403875491,15.795440387549093,15.795440387549093
2017-12-28 01:00:00,2017-12-29 01:00:00,399.0,402.0,405.0,420.16855361920796,21.168553619207955,21.168553619207955
2017-12-28 02:00:00,2017-12-29 02:00:00,396.0,401.0,403.0,418.7178137341765,22.717813734176502,22.717813734176502
2017-12-28 03:00:00,2017-12-29 03:00:00,396.0,400.0,403.0,418.30736566208674,22.307365662086738,22.307365662086738
2017-12-28 04:00:00,2017-12-29 04:00:00,397.0,400.0,405.0,418.2094759274332,21.209475927433175,21.209475927433175
2017-12-28 05:00:00,2017-12-29 05:00:00,400.0,400.0,402.0,419.87570310337065,19.875703103370654,19.875703103370654
2017-12-28 06:00:00,2017-12-29 06:00:00,395.0,397.0,405.0,420.3796815897316,25.379681589731604,25.379681589731604
2017-12-28 07:00:00,2017-12-29 07:00:00,397.0,399.0,405.0,427.04218153319766,30.042181533197663,30.042181533197663
2017-12-28 08:00:00,2017-12-29 08:00:00,403.0,414.0,427.0,427.497748120487,24.497748120487017,24.497748120487017
2017-12-28 09:00:00,2017-12-29 09:00:00,401.0,400.0,409.0,428.16436261736254,27.164362617362542,27.164362617362542
2017-12-28 10:00:00,2017-12-29 10:00:00,411.0,414.0,436.0,427.72091512131357,16.720915121313567,16.720915121313567
2017-12-28 11:00:00,2017-12-29 11:00:00,418.0,420.0,444.0,428.3751717975638,10.37517179756378,10.37517179756378
2017-12-28 12:00:00,2017-12-29 12:00:00,426.0,422.0,440.0,428.932061626971,2.932061626971006,2.932061626971006
2017-12-28 13:00:00,2017-12-29 13:00:00,430.0,427.0,425.0,433.05155987214135,3.051559872141354,3.051559872141354
2017-12-28 14:00:00,2017-12-29 14:00:00,427.0,426.0,431.0,432.5470836318096,5.547083631809585,5.547083631809585
2017-12-28 15:00:00,2017-12-29 15:00:00,426.0,427.0,426.0,434.64106805042366,8.641068050423655,8.641068050423655
2017-12-28 16:00:00,2017-12-29 16:00:00,424.0,426.0,423.0,432.4119201683842,8.4119201683842,8.4119201683842
2017-12-28 17:00:00,2017-12-29 17:00:00,429.0,427.0,420.0,432.6335258100066,3.6335258100065744,3.6335258100065744
2017-12-28 18:00:00,2017-12-29 18:00:00,420.0,424.0,410.0,427.533683018795,7.533683018794989,7.533683018794989
2017-12-28 19:00:00,2017-12-29 19:00:00,412.0,419.0,399.0,425.82453962134605,13.824539621346048,13.824539621346048
2017-12-28 20:00:00,2017-12-29 20:00:00,408.0,414.0,395.0,427.15215003466193,19.15215003466193,19.15215003466193
2017-12-28 21:00:00,2017-12-29 21:00:00,407.0,407.0,393.0,428.6348494677321,21.634849467732124,21.634849467732124
2017-12-28 22:00:00,2017-12-29 22:00:00,401.0,403.0,389.0,428.1449682786057,27.14496827860569,27.14496827860569
2017-12-28 23:00:00,2017-12-29 23:00:00,405.0,404.0,389.0,429.23537303857285,24.235373038572845,24.235373038572845
2017-12-29 00:00:00,2017-12-30 00:00:00,403.0,403.0,389.0,419.627149327209,16.627149327208997,16.627149327208997
2017-12-29 01:00:00,2017-12-30 01:00:00,405.0,399.0,387.0,419.1411648535433,14.141164853543273,14.141164853543273
2017-12-29 02:00:00,2017-12-30 02:00:00,403.0,396.0,385.0,416.3159154872431,13.315915487243103,13.315915487243103
2017-12-29 03:00:00,2017-12-30 03:00:00,404.0,396.0,386.0,415.81480579968814,11.814805799688145,11.814805799688145
2017-12-29 04:00:00,2017-12-30 04:00:00,403.0,397.0,385.0,415.8019705201513,12.801970520151315,12.801970520151315
2017-12-29 05:00:00,2017-12-30 05:00:00,403.0,400.0,384.0,418.0964225809471,15.096422580947092,15.096422580947092
2017-12-29 06:00:00,2017-12-30 06:00:00,400.0,395.0,385.0,417.80517939951505,17.805179399515055,17.805179399515055
2017-12-29 07:00:00,2017-12-30 07:00:00,402.0,397.0,387.0,417.5993921748968,15.59939217489682,15.59939217489682
2017-12-29 08:00:00,2017-12-30 08:00:00,402.0,403.0,382.0,421.27888148109855,19.27888148109855,19.27888148109855
2017-12-29 09:00:00,2017-12-30 09:00:00,403.0,401.0,389.0,419.2316661477428,16.23166614774283,16.23166614774283
2017-12-29 10:00:00,2017-12-30 10:00:00,399.0,411.0,385.0,414.64125197355816,15.641251973558155,15.641251973558155
2017-12-29 11:00:00,2017-12-30 11:00:00,403.0,418.0,388.0,415.81655843178936,12.81655843178936,12.81655843178936
2017-12-29 12:00:00,2017-12-30 12:00:00,408.0,426.0,394.0,413.8673738307589,5.867373830758879,5.867373830758879
2017-12-29 13:00:00,2017-12-30 13:00:00,409.0,430.0,396.0,417.129448418077,8.129448418077004,8.129448418077004
2017-12-29 14:00:00,2017-12-30 14:00:00,411.0,427.0,395.0,418.43645764816523,7.436457648165231,7.436457648165231
2017-12-29 15:00:00,2017-12-30 15:00:00,411.0,426.0,399.0,417.634348455388,6.634348455388022,6.634348455388022
2017-12-29 16:00:00,2017-12-30 16:00:00,408.0,424.0,399.0,412.54945104398047,4.5494510439804685,4.5494510439804685
2017-12-29 17:00:00,2017-12-30 17:00:00,410.0,429.0,400.0,416.16217613483934,6.162176134839342,6.162176134839342
2017-12-29 18:00:00,2017-12-30 18:00:00,410.0,420.0,399.0,420.5974567630036,10.597456763003606,10.597456763003606
2017-12-29 19:00:00,2017-12-30 19:00:00,408.0,412.0,398.0,417.47443195733877,9.474431957338766,9.474431957338766
2017-12-29 20:00:00,2017-12-30 20:00:00,407.0,408.0,396.0,417.39964678088137,10.399646780881369,10.399646780881369
2017-12-29 21:00:00,2017-12-30 21:00:00,407.0,407.0,389.0,421.1778033530856,14.177803353085608,14.177803353085608
2017-12-29 22:00:00,2017-12-30 22:00:00,404.0,401.0,392.0,421.6253701245845,17.625370124584492,17.625370124584492
2017-12-29 23:00:00,2017-12-30 23:00:00,404.0,405.0,392.0,424.10504143944496,20.10504143944496,20.10504143944496
2017-12-30 00:00:00,2017-12-31 00:00:00,402.0,403.0,391.0,414.77778905056437,12.777789050564365,12.777789050564365
2017-12-30 01:00:00,2017-12-31 01:00:00,401.0,405.0,390.0,415.20473818502035,14.204738185020346,14.204738185020346
2017-12-30 02:00:00,2017-12-31 02:00:00,398.0,403.0,388.0,414.3779482334134,16.377948233413406,16.377948233413406
2017-12-30 03:00:00,2017-12-31 03:00:00,402.0,404.0,390.0,415.08649034447114,13.086490344471144,13.086490344471144
2017-12-30 04:00:00,2017-12-31 04:00:00,400.0,403.0,387.0,418.5618874598273,18.56188745982729,18.56188745982729
2017-12-30 05:00:00,2017-12-31 05:00:00,401.0,403.0,386.0,415.31271411537153,14.312714115371534,14.312714115371534
2017-12-30 06:00:00,2017-12-31 06:00:00,399.0,400.0,387.0,420.6243274111322,21.624327411132185,21.624327411132185
2017-12-30 07:00:00,2017-12-31 07:00:00,400.0,402.0,385.0,415.8160802028371,15.8160802028371,15.8160802028371
2017-12-30 08:00:00,2017-12-31 08:00:00,402.0,402.0,388.0,417.08760829834563,15.087608298345629,15.087608298345629
2017-12-30 09:00:00,2017-12-31 09:00:00,400.0,403.0,389.0,415.59215050099937,15.592150500999367,15.592150500999367
2017-12-30 10:00:00,2017-12-31 10:00:00,398.0,399.0,387.0,410.1975487159748,12.19754871597479,12.19754871597479
2017-12-30 11:00:00,2017-12-31 11:00:00,399.0,403.0,387.0,411.26113215255594,12.261132152555945,12.261132152555945
2017-12-30 12:00:00,2017-12-31 12:00:00,399.0,408.0,389.0,411.7845871237259,12.784587123725885,12.784587123725885
2017-12-30 13:00:00,2017-12-31 13:00:00,401.0,409.0,391.0,412.7267599521651,11.726759952165082,11.726759952165082
2017-12-30 14:00:00,2017-12-31 14:00:00,403.0,411.0,394.0,410.9115105891546,7.911510589154602,7.911510589154602
2017-12-30 15:00:00,2017-12-31 15:00:00,401.0,411.0,392.0,412.0718285975319,11.071828597531919,11.071828597531919
2017-12-30 16:00:00,2017-12-31 16:00:00,402.0,408.0,393.0,413.5325052406687,11.532505240668684,11.532505240668684
2017-12-30 17:00:00,2017-12-31 17:00:00,404.0,410.0,394.0,414.2480127832907,10.248012783290676,10.248012783290676
2017-12-30 18:00:00,2017-12-31 18:00:00,399.0,410.0,391.0,415.30936032148685,16.30936032148685,16.30936032148685
2017-12-30 19:00:00,2017-12-31 19:00:00,400.0,408.0,390.0,414.737110075886,14.737110075885994,14.737110075885994
2017-12-30 20:00:00,2017-12-31 20:00:00,400.0,407.0,394.0,414.73033753591,14.730337535909996,14.730337535909996
2017-12-30 21:00:00,2017-12-31 21:00:00,398.0,407.0,395.0,414.42138337800856,16.421383378008557,16.421383378008557
2017-12-30 22:00:00,2017-12-31 22:00:00,397.0,404.0,388.0,415.6097420860221,18.609742086022095,18.609742086022095
2017-12-30 23:00:00,2017-12-31 23:00:00,397.0,404.0,387.0,416.2673714120479,19.267371412047908,19.267371412047908
